ResNet18-8-1-[(2, 34897, 0, 638, 10.01), (3, 38619, 2, 2335, 27.26), (6, 40131, 0, 2527, 10.78), (4, 40299, 39, 2681, 223.94)]
ResNet18-8-2-[(2, 35260, 0, 638, 10.01), (6, 41990, 4, 2405, 21.7), (6, 45089, 0, 2527, 26.61), (5, 45379, 66, 2681, 128.34)]
ResNet18-8-3-[(3, 35673, 0, 638, 10.01), (6, 44128, 8, 2335, 8.0), (12, 50478, 0, 2561, 12.73), (6, 50855, 79, 2695, 118.63)]
ResNet18-8-4-[(2, 36145, 0, 638, 10.01), (7, 47069, 10, 2215, 8.01), (13, 55838, 0, 2561, 12.64), (7, 56306, 81, 2695, 92.72)]
ResNet18-16-1-[(3, 35015, 0, 638, 10.01), (3, 37422, 10, 2207, 6.01), (6, 39745, 1, 2527, 10.9), (4, 39858, 40, 2689, 101.69)]
ResNet18-16-2-[(2, 35156, 0, 638, 10.01), (4, 40288, 9, 2183, 6.55), (7, 45078, 1, 2561, 11.0), (5, 45242, 70, 2683, 64.77)]
ResNet18-16-3-[(2, 35518, 0, 638, 10.01), (5, 44279, 13, 2355, 7.0), (10, 49627, 0, 2561, 11.19), (7, 50775, 78, 2683, 61.0)]
ResNet18-16-4-[(2, 35934, 0, 638, 10.01), (5, 49443, 8, 2481, 7.7), (12, 55292, 0, 2561, 11.72), (8, 56101, 77, 2703, 46.94)]
ResNet18-32-1-[(3, 34825, 0, 638, 10.01), (3, 36911, 6, 1929, 6.12), (6, 39761, 4, 2527, 10.62), (4, 39949, 39, 2757, 60.06)]
ResNet18-32-2-[(2, 35220, 0, 638, 10.01), (4, 41290, 10, 2397, 6.73), (8, 44955, 0, 2561, 11.11), (6, 45333, 67, 2771, 33.44)]
ResNet18-32-3-[(4, 35547, 0, 638, 10.01), (5, 44802, 10, 2481, 7.26), (11, 50133, 0, 2561, 11.15), (8, 50710, 75, 2771, 30.07)]
ResNet18-32-4-[(2, 35916, 0, 638, 10.01), (5, 46731, 12, 2309, 7.73), (12, 55508, 0, 2561, 12.19), (9, 56110, 72, 2771, 25.73)]
ResNet18-64-1-[(2, 34797, 0, 638, 10.01), (3, 37854, 8, 2481, 6.34), (6, 39708, 0, 2527, 10.69), (5, 39827, 38, 2815, 29.32)]
ResNet18-64-2-[(2, 35125, 0, 638, 10.01), (4, 41371, 9, 2481, 6.51), (8, 44943, 0, 2561, 11.0), (7, 45225, 66, 2817, 18.42)]
ResNet18-64-3-[(3, 35444, 0, 638, 10.01), (4, 44057, 11, 2367, 7.04), (11, 49702, 0, 2561, 11.03), (9, 50648, 71, 2817, 16.48)]
ResNet18-64-4-[(2, 35871, 0, 638, 10.01), (6, 47713, 11, 2377, 7.76), (14, 55613, 0, 2561, 11.38), (11, 56077, 78, 2817, 13.49)]
ResNet18-128-1-[(2, 34780, 0, 638, 10.01), (3, 37496, 9, 2307, 6.46), (6, 39635, 0, 2527, 10.66), (8, 39826, 42, 2899, 18.64)]
ResNet18-128-2-[(4, 35123, 0, 638, 10.01), (5, 39766, 11, 2153, 6.65), (8, 45025, 2, 2561, 11.03), (9, 45246, 74, 2911, 11.46)]
ResNet18-128-3-[(2, 35494, 0, 638, 10.01), (5, 44492, 8, 2471, 7.06), (9, 49693, 0, 2561, 11.36), (12, 50765, 69, 2923, 9.61)]
ResNet18-128-4-[(3, 35884, 0, 638, 10.01), (6, 48807, 8, 2481, 7.8), (14, 55843, 0, 2561, 11.91), (15, 56189, 83, 2911, 7.68)]
AlexNet-8-1-[(3, 34811, 0, 638, 10.01), (3, 37403, 6, 2179, 6.35), (6, 39781, 3, 2485, 10.6), (5, 39846, 39, 2637, 70.75)]
AlexNet-8-2-[(4, 35128, 0, 638, 10.01), (4, 41119, 6, 2405, 7.13), (8, 44952, 0, 2513, 10.97), (6, 45293, 76, 2647, 69.22)]
AlexNet-8-3-[(3, 35557, 0, 638, 10.01), (4, 43087, 10, 2247, 7.45), (11, 50377, 0, 2513, 11.15), (7, 50674, 88, 2647, 63.79)]
AlexNet-8-4-[(3, 35881, 0, 638, 10.01), (7, 47668, 8, 2389, 7.96), (13, 55564, 1, 2513, 12.04), (8, 56043, 85, 2647, 50.86)]
AlexNet-16-1-[(3, 34809, 0, 638, 10.01), (3, 37493, 9, 2241, 6.66), (6, 39774, 2, 2485, 10.75), (5, 39884, 40, 2621, 32.51)]
AlexNet-16-2-[(2, 35181, 0, 638, 10.01), (3, 39683, 11, 2085, 7.16), (8, 45052, 2, 2513, 11.21), (6, 45235, 82, 2595, 32.09)]
AlexNet-16-3-[(4, 35494, 0, 638, 10.01), (4, 44442, 8, 2445, 7.69), (12, 50427, 0, 2513, 11.68), (7, 50664, 88, 2595, 34.12)]
AlexNet-16-4-[(2, 35889, 0, 638, 10.01), (7, 47346, 11, 2385, 8.01), (14, 55665, 0, 2513, 11.9), (10, 56028, 81, 2627, 30.39)]
AlexNet-32-1-[(2, 34787, 0, 638, 10.01), (3, 37332, 8, 2233, 7.41), (6, 39753, 1, 2485, 10.91), (6, 39825, 39, 2641, 20.42)]
AlexNet-32-2-[(3, 35116, 0, 638, 10.01), (4, 41061, 6, 2401, 7.28), (9, 44920, 0, 2513, 11.08), (8, 45262, 69, 2631, 18.8)]
AlexNet-32-3-[(2, 35556, 0, 638, 10.01), (5, 42174, 9, 2105, 7.53), (11, 50173, 3, 2513, 11.75), (9, 50713, 80, 2631, 17.89)]
AlexNet-32-4-[(3, 35914, 0, 638, 10.01), (5, 48961, 8, 2455, 8.12), (14, 55810, 0, 2513, 11.79), (11, 56139, 88, 2631, 14.6)]
AlexNet-64-1-[(2, 34879, 0, 638, 10.01), (3, 37749, 8, 2369, 6.76), (6, 39680, 0, 2485, 10.93), (7, 39862, 35, 2621, 13.06)]
AlexNet-64-2-[(3, 35153, 0, 638, 10.01), (4, 41049, 10, 2249, 6.9), (8, 44512, 1, 2513, 10.96), (11, 45256, 69, 2611, 9.88)]
AlexNet-64-3-[(2, 35514, 0, 638, 10.01), (4, 43427, 8, 2149, 7.28), (10, 50295, 1, 2513, 11.29), (11, 50675, 76, 2611, 9.84)]
AlexNet-64-4-[(2, 35911, 0, 638, 10.01), (6, 49252, 8, 2455, 9.17), (14, 54597, 0, 2513, 11.49), (15, 56162, 71, 2611, 8.13)]
AlexNet-128-1-[(2, 34867, 0, 638, 10.01), (4, 37941, 9, 2455, 6.64), (6, 39755, 0, 2485, 11.03), (7, 39914, 28, 2683, 12.96)]
AlexNet-128-2-[(3, 35188, 0, 638, 10.01), (3, 39838, 13, 2135, 7.11), (8, 45038, 2, 2513, 11.29), (11, 45297, 51, 2671, 7.08)]
AlexNet-128-3-[(2, 35494, 0, 638, 10.01), (5, 44846, 9, 2455, 7.34), (10, 50046, 0, 2513, 11.31), (16, 50688, 64, 2673, 5.64)]
AlexNet-128-4-[(3, 35911, 0, 638, 10.01), (5, 48587, 9, 2455, 8.06), (13, 55698, 0, 2513, 12.19), (19, 56218, 72, 2671, 4.97)]
GraphSage-8-1-[(3, 34845, 0, 638, 10.01), (3, 37442, 8, 2229, 6.59), (0, 0, 0, 0, 0.0), (11, 38561, 12, 2731, 40.1)]
GraphSage-8-2-[(3, 35088, 0, 638, 10.01), (4, 39556, 5, 1997, 6.84), (0, 0, 0, 0, 0.0), (20, 42596, 12, 2731, 21.86)]
GraphSage-8-3-[(2, 35547, 0, 638, 10.01), (5, 45250, 9, 2433, 7.45), (0, 0, 0, 0, 0.0), (30, 46795, 17, 2731, 16.9)]
GraphSage-8-4-[(3, 35873, 0, 638, 10.01), (5, 48676, 9, 2433, 8.72), (0, 0, 0, 0, 0.0), (34, 50987, 16, 2731, 20.01)]
GraphSage-16-1-[(2, 34746, 0, 638, 10.01), (3, 38070, 7, 2353, 6.66), (0, 0, 0, 0, 0.0), (10, 38493, 12, 2751, 21.26)]
GraphSage-16-2-[(2, 35065, 0, 638, 10.01), (4, 39670, 7, 2163, 6.97), (0, 0, 0, 0, 0.0), (17, 42610, 15, 2751, 12.11)]
GraphSage-16-3-[(2, 35511, 0, 638, 10.01), (5, 45277, 7, 2433, 7.41), (0, 0, 0, 0, 0.0), (27, 46919, 12, 2751, 9.53)]
GraphSage-16-4-[(2, 35946, 0, 638, 10.01), (5, 47694, 9, 2345, 8.13), (0, 0, 0, 0, 0.0), (30, 51036, 17, 2751, 10.4)]
GraphSage-32-1-[(2, 34785, 0, 638, 10.01), (3, 37859, 8, 2395, 6.82), (0, 0, 0, 0, 0.0), (10, 38585, 12, 2737, 11.62)]
GraphSage-32-2-[(3, 35141, 0, 638, 10.01), (4, 40645, 11, 2279, 7.05), (0, 0, 0, 0, 0.0), (16, 42644, 9, 2735, 6.65)]
GraphSage-32-3-[(2, 35531, 0, 638, 10.01), (5, 44732, 10, 2395, 7.55), (0, 0, 0, 0, 0.0), (22, 46627, 18, 2735, 5.52)]
GraphSage-32-4-[(2, 35924, 0, 638, 10.01), (6, 48174, 9, 2397, 8.07), (0, 0, 0, 0, 0.0), (24, 50692, 5, 2735, 5.07)]
GraphSage-64-1-[(3, 34829, 0, 638, 10.01), (3, 37508, 7, 2139, 6.63), (0, 0, 0, 0, 0.0), (8, 38575, 9, 2761, 6.37)]
GraphSage-64-2-[(3, 35206, 0, 638, 10.01), (4, 41537, 6, 2433, 7.07), (0, 0, 0, 0, 0.0), (16, 42590, 7, 2761, 3.61)]
GraphSage-64-3-[(2, 35456, 0, 638, 10.01), (5, 45154, 11, 2433, 7.65), (0, 0, 0, 0, 0.0), (12, 46243, 20, 2735, 2.87)]
GraphSage-64-4-[(2, 35825, 0, 638, 10.01), (7, 47937, 9, 2353, 8.09), (0, 0, 0, 0, 0.0), (19, 50692, 3, 2761, 3.11)]
GraphSage-128-1-[(3, 34692, 0, 638, 10.01), (3, 37135, 9, 2075, 6.66), (0, 0, 0, 0, 0.0), (7, 38417, 8, 2737, 3.69)]
GraphSage-128-2-[(2, 35049, 0, 638, 10.01), (4, 40061, 7, 2045, 7.01), (0, 0, 0, 0, 0.0), (9, 42227, 13, 2737, 2.49)]
GraphSage-128-3-[(4, 35380, 0, 638, 10.01), (4, 45223, 7, 2433, 7.42), (0, 0, 0, 0, 0.0), (16, 46153, 2, 2737, 1.85)]
GraphSage-128-4-[(2, 35693, 0, 638, 10.01), (6, 48446, 11, 2433, 8.08), (0, 0, 0, 0, 0.0), (11, 50064, 0, 2737, 1.66)]
Transformer-8-1-[(3, 34605, 0, 638, 10.01), (3, 37880, 5, 2327, 9.03), 0, (3, 38415, 40, 2655, 264.74)]
Transformer-8-2-[(3, 35147, 0, 638, 10.01), (4, 41597, 5, 2421, 9.22), (0, 0, 0, 0, 0.0), (5, 42378, 84, 2659, 261.06)]
Transformer-8-3-[(3, 35519, 0, 638, 10.01), (6, 45623, 6, 2497, 9.72), 0, (5, 46320, 89, 2659, 265.72)]
Transformer-8-4-[(3, 35851, 0, 638, 10.01), (11, 46265, 8, 2235, 10.54), 0, (6, 50339, 89, 2659, 220.12)]
Transformer-16-1-[(2, 34811, 0, 638, 10.01), (3, 38137, 10, 2497, 9.47), 0, (3, 38402, 40, 2769, 64.68)]
Transformer-16-2-[(3, 35168, 0, 638, 10.01), (7, 41387, 7, 2421, 10.06), 0, (5, 42332, 85, 2759, 69.28)]
Transformer-16-3-[(3, 35476, 0, 638, 10.01), (4, 43420, 5, 2233, 10.83), 0, (5, 46282, 88, 2759, 69.01)]
Transformer-16-4-[(3, 35836, 0, 638, 10.01), (6, 48869, 7, 2487, 10.67), (0, 0, 0, 0, 0.0), (6, 50203, 88, 2759, 52.85)]
Transformer-32-1-[(3, 34744, 0, 638, 10.01), (3, 37983, 7, 2421, 9.86), 0, (3, 38357, 50, 3139, 17.38)]
Transformer-32-2-[(3, 35131, 0, 638, 10.01), (4, 41010, 6, 2377, 9.58), 0, (4, 42266, 82, 3075, 18.52)]
Transformer-32-3-[(2, 35479, 0, 638, 10.01), (5, 45007, 5, 2421, 9.87), 0, (5, 46241, 92, 3075, 18.05)]
Transformer-32-4-[(2, 35854, 0, 638, 10.01), (6, 48286, 7, 2421, 11.14), (0, 0, 0, 0, 0.0), (7, 50251, 80, 3075, 13.87)]
Transformer-64-1-[(2, 34733, 0, 638, 10.01), (3, 37548, 7, 2315, 8.96), 0, (4, 38309, 71, 3827, 4.81)]
Transformer-64-2-[(2, 35107, 0, 638, 10.01), (4, 41496, 7, 2421, 9.5), 0, (4, 42285, 90, 3851, 5.28)]
Transformer-64-3-[(4, 35475, 0, 638, 10.01), (8, 44583, 7, 2333, 10.08), 0, (6, 46232, 62, 3851, 5.2)]
Transformer-64-4-[(3, 35816, 0, 638, 10.01), (6, 48317, 6, 2307, 10.67), 0, (7, 50172, 62, 3851, 3.82)]
Bert-8-1-[(3, 34732, 0, 638, 10.01), (3, 43884, 2, 2779, 29.38), (0, 0, 0, 0, 0.3), (3, 42970, 68, 4503, 4.49)]
Bert-8-2-[(2, 35142, 0, 638, 10.01), (4, 53143, 4, 2951, 29.33), (0, 0, 0, 0, 0.36), (4, 51707, 45, 4545, 2.45)]
Bert-8-3-[(2, 35456, 0, 638, 10.01), (5, 62608, 3, 2951, 30.99), (0, 0, 0, 0, 0.29), (5, 60370, 0, 2959, 1.63)]
Bert-8-4-[(2, 35827, 0, 638, 10.01), (6, 71994, 4, 2951, 30.83), (0, 0, 0, 0, 0.37), (6, 68734, 0, 4401, 1.15)]
Bert-16-1-[(2, 34644, 0, 638, 10.01), (3, 43825, 2, 2779, 29.53), (3, 43066, 0, 2779, 0.38), (3, 42899, 89, 5633, 2.83)]
Bert-16-2-[(2, 35072, 0, 638, 10.01), (4, 53367, 2, 2951, 29.56), (4, 51938, 0, 2951, 0.35), (0, 0, 0, 0, 1.4)]
Bert-16-3-[(2, 35458, 0, 638, 10.01), (5, 62547, 2, 2951, 30.64), (0, 0, 0, 0, 0.41), (7, 60093, 0, 5539, 0.93)]
Bert-16-4-[(3, 35823, 0, 638, 10.01), (6, 72669, 2, 2951, 30.73), (0, 0, 0, 0, 0.33), (6, 68673, 0, 5701, 0.75)]
ResNet50-8-1-[(2, 34707, 0, 638, 10.01), (3, 37389, 10, 2277, 6.68), (6, 39470, 1, 2627, 10.96), (4, 39867, 39, 2929, 513.5)]
ResNet50-8-2-[(4, 35156, 0, 638, 10.01), (4, 39852, 6, 2151, 10.14), (8, 45095, 2, 2715, 12.25), (5, 45268, 73, 2923, 300.9)]
ResNet50-8-3-[(4, 35496, 0, 638, 10.01), (4, 44276, 9, 2347, 7.83), (11, 50400, 2, 2715, 12.03), (6, 50761, 81, 2923, 283.31)]
ResNet50-8-4-[(2, 35885, 0, 638, 10.01), (6, 48568, 6, 2533, 8.42), (13, 55551, 3, 2715, 12.3), (7, 56095, 82, 2923, 220.51)]
ResNet50-16-1-[(3, 34820, 0, 638, 10.01), (3, 37395, 11, 2249, 6.61), (6, 39779, 1, 2627, 10.95), (4, 39832, 40, 2967, 263.9)]
ResNet50-16-2-[(4, 35085, 0, 638, 10.01), (5, 41481, 8, 2533, 7.33), (8, 44674, 0, 2715, 11.57), (5, 45230, 70, 2955, 155.35)]
ResNet50-16-3-[(2, 35460, 0, 638, 10.01), (6, 44486, 10, 2327, 7.77), (11, 50383, 2, 2715, 11.88), (6, 50696, 81, 2955, 142.77)]
ResNet50-16-4-[(2, 35830, 0, 638, 10.01), (6, 47230, 9, 2215, 8.45), (11, 55163, 1, 2715, 11.91), (7, 56118, 80, 2955, 113.78)]
ResNet50-32-1-[(2, 34755, 0, 638, 10.01), (4, 37543, 10, 2295, 6.97), (6, 39674, 0, 2627, 14.89), (4, 39799, 40, 3123, 143.69)]
ResNet50-32-2-[(3, 35041, 0, 638, 10.01), (4, 41501, 11, 2533, 7.5), (11, 44723, 0, 2715, 11.51), (5, 45191, 72, 3097, 81.19)]
ResNet50-32-3-[(2, 35470, 0, 638, 10.01), (5, 44031, 11, 2333, 7.73), (9, 50383, 0, 2715, 16.57), (7, 50658, 81, 3087, 74.41)]
ResNet50-32-4-[(3, 35848, 0, 638, 10.01), (6, 48624, 6, 2533, 8.46), (13, 55817, 2, 2715, 13.2), (8, 56159, 80, 3087, 58.27)]
ResNet50-64-1-[(3, 34826, 0, 638, 10.01), (3, 37148, 8, 2107, 6.85), (5, 39770, 2, 2627, 11.05), (4, 39880, 43, 3335, 69.7)]
ResNet50-64-2-[(2, 35110, 0, 638, 10.01), (4, 40087, 9, 2145, 7.64), (9, 44968, 2, 2715, 11.47), (6, 45200, 75, 3341, 41.8)]
ResNet50-64-3-[(3, 35449, 0, 638, 10.01), (5, 44274, 8, 2343, 7.86), (11, 50264, 2, 2715, 11.96), (7, 50654, 74, 3341, 39.43)]
ResNet50-64-4-[(2, 35805, 0, 638, 10.01), (7, 46782, 11, 2259, 8.52), (12, 55821, 0, 2715, 12.42), (8, 56118, 81, 3341, 30.43)]
ResNet50-128-1-[(2, 34790, 0, 638, 10.01), (4, 37919, 8, 2523, 6.64), (5, 39695, 0, 2627, 10.82), (5, 39854, 49, 3757, 43.09)]
ResNet50-128-2-[(4, 35103, 0, 638, 10.01), (4, 41691, 7, 2533, 7.22), (7, 44604, 0, 2715, 13.34), (7, 45268, 75, 3757, 24.58)]
ResNet50-128-3-[(4, 35441, 0, 638, 10.01), (5, 44015, 7, 2357, 7.84), (10, 50217, 0, 2715, 12.13), (9, 50712, 80, 3757, 20.67)]
ResNet50-128-4-[(3, 35838, 0, 638, 10.01), (6, 46951, 10, 2255, 8.48), (12, 55710, 0, 2715, 12.53), (11, 56182, 87, 3757, 16.18)]
MobileNetv2-8-1-[(5, 34754, 0, 638, 10.01), (4, 37310, 9, 2249, 6.4), (7, 39697, 1, 2445, 10.91), (4, 39847, 39, 2571, 395.04)]
MobileNetv2-8-2-[(5, 35109, 0, 638, 10.01), (6, 40931, 9, 2385, 6.98), (9, 44945, 0, 2445, 12.42), (5, 45195, 40, 2571, 211.18)]
MobileNetv2-8-3-[(3, 35443, 0, 638, 10.01), (5, 42777, 9, 2193, 7.63), (9, 50310, 2, 2457, 23.69), (6, 50612, 45, 2565, 147.55)]
MobileNetv2-8-4-[(3, 35857, 0, 638, 10.01), (6, 49147, 8, 2443, 8.36), (16, 55439, 0, 2445, 12.1), (7, 56006, 44, 2571, 112.77)]
MobileNetv2-16-1-[(3, 34763, 0, 638, 10.01), (2, 37115, 9, 2173, 6.32), (6, 39683, 3, 2445, 11.01), (4, 39753, 39, 2585, 216.52)]
MobileNetv2-16-2-[(2, 35071, 0, 638, 10.01), (4, 41189, 10, 2443, 6.78), (8, 44608, 0, 2445, 11.45), (5, 45163, 39, 2585, 115.51)]
MobileNetv2-16-3-[(3, 35416, 0, 638, 10.01), (4, 44709, 6, 2405, 7.64), (11, 50244, 0, 2445, 12.02), (6, 50618, 41, 2585, 80.94)]
MobileNetv2-16-4-[(2, 35850, 0, 638, 10.01), (6, 49454, 10, 2445, 8.38), (13, 55728, 0, 2457, 12.23), (7, 56109, 42, 2577, 61.57)]
MobileNetv2-32-1-[(3, 34838, 0, 638, 10.01), (4, 37412, 10, 2251, 6.29), (6, 39736, 1, 2445, 10.96), (4, 39836, 39, 2655, 110.55)]
MobileNetv2-32-2-[(3, 35128, 0, 638, 10.01), (4, 40320, 10, 2237, 6.95), (8, 44902, 2, 2445, 11.77), (5, 45251, 43, 2655, 58.65)]
MobileNetv2-32-3-[(2, 35470, 0, 638, 10.01), (5, 43959, 10, 2311, 7.53), (12, 50305, 1, 2445, 11.86), (7, 50676, 42, 2655, 40.77)]
MobileNetv2-32-4-[(2, 35852, 0, 638, 10.01), (6, 48244, 7, 2389, 8.06), (11, 55373, 0, 2445, 13.03), (9, 56083, 43, 2655, 33.89)]
MobileNetv2-64-1-[(3, 34793, 0, 638, 10.01), (3, 37583, 9, 2327, 6.72), (6, 39599, 0, 2445, 11.1), (4, 39843, 39, 2865, 54.96)]
MobileNetv2-64-2-[(2, 35115, 0, 638, 10.01), (5, 40838, 9, 2327, 6.87), (8, 45000, 0, 2445, 11.78), (6, 45207, 48, 2871, 30.07)]
MobileNetv2-64-3-[(2, 35476, 0, 638, 10.01), (5, 43610, 8, 2293, 7.63), (10, 50314, 0, 2445, 12.09), (8, 50730, 58, 2865, 22.27)]
MobileNetv2-64-4-[(2, 35876, 0, 638, 10.01), (6, 47113, 8, 2349, 8.2), (13, 55468, 0, 2445, 11.8), (10, 56088, 52, 2865, 17.63)]
MobileNetv2-128-1-[(2, 34795, 0, 638, 10.01), (3, 37784, 9, 2433, 6.39), (6, 39684, 0, 2445, 10.94), (6, 39811, 39, 3243, 33.69)]
MobileNetv2-128-2-[(3, 35126, 0, 638, 10.01), (5, 40676, 7, 2279, 7.81), (11, 45168, 0, 2445, 12.01), (8, 45487, 51, 3233, 19.34)]
MobileNetv2-128-3-[(4, 35714, 0, 638, 10.01), (5, 44989, 8, 2443, 7.57), (11, 50553, 0, 2445, 12.08), (10, 50951, 64, 3237, 13.68)]
MobileNetv2-128-4-[(3, 36080, 0, 638, 10.01), (5, 46714, 6, 2283, 8.49), (10, 55998, 0, 2445, 12.67), (12, 56407, 60, 3233, 10.78)]
VGG16-8-1-[(3, 35061, 0, 638, 10.01), (4, 37969, 6, 2341, 8.48), (5, 39872, 0, 2635, 10.91), (5, 40067, 50, 3009, 138.55)]
VGG16-8-2-[(3, 35332, 0, 638, 10.01), (5, 41358, 5, 2299, 11.73), (8, 45064, 1, 2713, 12.22), (5, 45406, 91, 3003, 222.32)]
VGG16-8-3-[(3, 35685, 0, 638, 10.01), (5, 43461, 7, 2257, 9.71), (13, 50534, 0, 2761, 12.36), (6, 50813, 95, 3015, 247.61)]
VGG16-8-4-[(3, 36111, 0, 638, 10.01), (6, 48284, 6, 2427, 10.25), (13, 55732, 0, 2761, 12.28), (7, 56340, 95, 3015, 194.63)]
VGG16-16-1-[(2, 35070, 0, 638, 10.01), (4, 38005, 6, 2215, 8.84), (6, 39979, 2, 2635, 11.25), (5, 40075, 63, 3073, 71.13)]
VGG16-16-2-[(4, 35415, 0, 638, 10.01), (5, 41597, 5, 2405, 9.4), (11, 45273, 0, 2761, 12.11), (5, 45497, 91, 3071, 118.54)]
VGG16-16-3-[(3, 35752, 0, 638, 10.01), (5, 44824, 6, 2405, 9.45), (11, 50492, 0, 2761, 12.0), (7, 50857, 91, 3071, 142.22)]
VGG16-16-4-[(4, 36086, 0, 638, 10.01), (6, 49892, 9, 2527, 10.3), (14, 55854, 0, 2761, 12.52), (7, 56352, 95, 3071, 104.35)]
VGG16-32-1-[(2, 35067, 0, 638, 10.01), (3, 37747, 6, 2265, 8.37), (6, 40011, 1, 2635, 11.26), (5, 40138, 76, 3401, 42.41)]
VGG16-32-2-[(2, 35371, 0, 638, 10.01), (4, 41170, 9, 2309, 8.73), (8, 45117, 2, 2761, 11.72), (5, 45450, 94, 3467, 59.73)]
VGG16-32-3-[(3, 35824, 0, 638, 10.01), (6, 44033, 6, 2317, 9.99), (10, 50379, 0, 2761, 12.02), (7, 50944, 96, 3467, 66.17)]
VGG16-32-4-[(4, 36176, 0, 638, 10.01), (6, 47070, 5, 2245, 10.57), (12, 55753, 0, 2761, 12.18), (8, 56478, 95, 3467, 52.63)]
VGG16-64-1-[(4, 35165, 0, 638, 10.01), (3, 38018, 5, 2357, 8.65), (6, 40027, 0, 2635, 11.5), (6, 40104, 95, 3719, 27.28)]
VGG16-64-2-[(4, 35439, 0, 638, 10.01), (4, 40506, 6, 2211, 8.98), (7, 45147, 2, 2761, 11.85), (6, 45517, 94, 3721, 32.54)]
VGG16-64-3-[(3, 35786, 0, 638, 10.01), (5, 44471, 4, 2365, 9.82), (10, 50540, 0, 2761, 12.18), (7, 50980, 94, 3717, 33.85)]
VGG16-64-4-[(3, 36204, 0, 638, 10.01), (6, 47140, 7, 2263, 10.26), (12, 55680, 0, 2761, 12.39), (10, 56473, 94, 4043, 27.67)]
VGG16-128-1-[(4, 35150, 0, 638, 10.01), (3, 37845, 6, 2285, 8.32), (5, 39798, 0, 2635, 10.97), (6, 40116, 90, 4103, 21.21)]
VGG16-128-2-[(2, 35419, 0, 638, 10.01), (4, 39968, 6, 2055, 8.99), (7, 45152, 3, 2761, 11.41), (8, 45580, 90, 4255, 17.89)]
VGG16-128-3-[(3, 35812, 0, 638, 10.01), (5, 46078, 9, 2527, 9.88), (11, 50724, 0, 2761, 11.86), (8, 51052, 99, 4255, 19.05)]
VGG16-128-4-[(4, 36204, 0, 638, 10.01), (6, 49178, 5, 2527, 10.14), (14, 55890, 3, 2761, 12.25), (15, 56512, 88, 4255, 15.01)]
GCN-8-1-[(4, 35181, 0, 638, 10.01), (4, 37637, 12, 2179, 5.84), (0, 0, 0, 0, 0.0), (4, 38555, 34, 2749, 12.25)]
GCN-8-2-[(3, 35528, 0, 638, 10.01), (4, 40664, 10, 2191, 6.23), (0, 0, 0, 0, 0.0), (5, 42286, 30, 2749, 6.39)]
GCN-8-3-[(4, 35838, 0, 638, 10.01), (5, 45169, 10, 2421, 7.33), (0, 0, 0, 0, 0.01), (5, 46020, 41, 2749, 4.26)]
GCN-8-4-[(3, 36172, 0, 638, 10.01), (7, 49639, 9, 2421, 8.25), (0, 0, 0, 0, 0.0), (7, 49783, 37, 2749, 3.21)]
GCN-16-1-[(4, 35059, 0, 638, 10.01), (3, 38008, 8, 2409, 6.04), (0, 0, 0, 0, 0.0), (3, 38432, 38, 2749, 12.43)]
GCN-16-2-[(3, 35409, 0, 638, 10.01), (4, 40971, 7, 2305, 6.73), (0, 0, 0, 0, 0.0), (4, 42219, 31, 2749, 6.32)]
GCN-16-3-[(3, 35770, 0, 638, 10.01), (4, 43468, 9, 2307, 7.23), (0, 0, 0, 0, 0.01), (6, 45962, 25, 2749, 4.37)]
GCN-16-4-[(3, 36069, 0, 638, 10.01), (5, 46057, 7, 2215, 8.01), (0, 0, 0, 0, 0.0), (6, 49703, 21, 2749, 3.18)]
GCN-32-1-[(2, 34966, 0, 638, 10.01), (4, 37953, 10, 2407, 6.19), (0, 0, 0, 0, 0.0), (3, 38375, 39, 2749, 12.39)]
GCN-32-2-[(4, 35371, 0, 638, 10.01), (5, 40267, 11, 2105, 6.46), (0, 0, 0, 0, 0.0), (4, 42194, 32, 2749, 6.21)]
GCN-32-3-[(3, 35737, 0, 638, 10.01), (5, 44803, 8, 2421, 7.34), (0, 0, 0, 0, 0.0), (6, 45959, 37, 2749, 4.34)]
GCN-32-4-[(3, 36080, 0, 638, 10.01), (5, 45847, 12, 2175, 7.92), (19, 49652, 12, 2423, 0.01), (7, 49733, 40, 2749, 3.24)]
GCN-64-1-[(2, 34926, 0, 638, 10.01), (4, 38015, 7, 2421, 6.05), (0, 0, 0, 0, 0.0), (3, 38359, 40, 2749, 12.17)]
GCN-64-2-[(3, 35313, 0, 638, 10.01), (4, 40641, 8, 2309, 6.64), (0, 0, 0, 0, 0.0), (4, 42149, 31, 2749, 6.23)]
GCN-64-3-[(3, 35721, 0, 638, 10.01), (5, 44069, 11, 2329, 6.88), (0, 0, 0, 0, 0.01), (5, 45964, 26, 2749, 4.18)]
GCN-64-4-[(4, 36100, 0, 638, 10.01), (5, 49689, 7, 2421, 8.09), (0, 0, 0, 0, 0.01), (8, 49789, 41, 2749, 3.43)]
GCN-128-1-[(3, 35019, 0, 638, 10.01), (4, 37519, 9, 2259, 6.25), (0, 0, 0, 0, 0.0), (3, 38382, 35, 2749, 12.31)]
GCN-128-2-[(3, 35372, 0, 638, 10.01), (8, 41803, 8, 2409, 6.6), (0, 0, 0, 0, 0.0), (7, 42128, 30, 2749, 7.42)]
GCN-128-3-[(5, 35732, 0, 638, 10.01), (4, 45511, 9, 2421, 7.16), (0, 0, 0, 0, 0.0), (6, 45919, 38, 2749, 4.3)]
GCN-128-4-[(3, 36086, 0, 638, 10.01), (5, 49120, 11, 2421, 8.21), (0, 0, 0, 0, 0.01), (6, 49676, 38, 2749, 3.24)]
