ResNet18-8-1-[(2, 2526, 0, 327, 10.01), (2, 4297, 4, 1520, 5.2), (6, 7517, 0, 2170, 10.29), (3, 7655, 24, 2170, 258.28)]
ResNet18-8-2-[(2, 2933, 0, 327, 10.01), (3, 7316, 7, 1616, 5.28), (8, 13092, 13, 2172, 10.35), (4, 13091, 77, 2172, 171.11)]
ResNet18-8-3-[(3, 3313, 0, 327, 10.01), (4, 11103, 5, 1960, 5.51), (10, 18471, 8, 2172, 10.62), (5, 18510, 67, 2172, 105.37)]
ResNet18-8-4-[(2, 3701, 0, 327, 10.01), (5, 11501, 5, 1580, 5.64), (12, 23829, 0, 2172, 10.96), (7, 23918, 68, 2172, 83.13)]
ResNet18-16-1-[(2, 2616, 1, 327, 10.01), (2, 4101, 9, 1402, 5.21), (6, 7552, 0, 2208, 10.5), (3, 7675, 28, 2208, 133.13)]
ResNet18-16-2-[(3, 2974, 0, 327, 10.01), (3, 7912, 6, 1884, 5.26), (7, 13065, 13, 2200, 10.49), (5, 13076, 73, 2200, 92.62)]
ResNet18-16-3-[(2, 3333, 0, 327, 10.01), (4, 8357, 4, 1482, 5.6), (11, 18070, 0, 2200, 10.63), (6, 18479, 67, 2200, 55.38)]
ResNet18-16-4-[(4, 3709, 0, 327, 10.01), (4, 13390, 4, 1960, 5.69), (14, 23599, 0, 2200, 10.71), (7, 23969, 70, 2200, 42.68)]
ResNet18-32-1-[(2, 2593, 0, 327, 10.01), (2, 4521, 5, 1554, 5.21), (6, 7521, 0, 2228, 10.62), (3, 7660, 31, 2228, 73.1)]
ResNet18-32-2-[(2, 2940, 0, 327, 10.01), (3, 6067, 6, 1406, 5.38), (8, 12883, 0, 2226, 10.61), (5, 13098, 75, 2226, 40.82)]
ResNet18-32-3-[(3, 3320, 0, 327, 10.01), (3, 8674, 6, 1546, 5.54), (11, 17191, 0, 2224, 10.69), (7, 18505, 64, 2224, 26.78)]
ResNet18-32-4-[(2, 3696, 0, 327, 10.01), (4, 9102, 2, 1428, 5.65), (14, 23959, 13, 2224, 10.82), (8, 23977, 70, 2224, 21.38)]
ResNet18-64-1-[(2, 2593, 0, 327, 10.01), (2, 3961, 5, 1352, 5.35), (5, 7201, 0, 2298, 10.35), (4, 7652, 37, 2298, 41.28)]
ResNet18-64-2-[(2, 2940, 0, 327, 10.01), (3, 6750, 6, 1592, 5.26), (8, 12851, 0, 2302, 10.51), (6, 13073, 80, 2302, 24.02)]
ResNet18-64-3-[(3, 3351, 0, 327, 10.01), (3, 9766, 5, 1854, 5.41), (12, 18190, 0, 2300, 10.52), (8, 18530, 75, 2300, 15.73)]
ResNet18-64-4-[(2, 3705, 1, 327, 10.01), (4, 11699, 4, 1808, 5.67), (12, 23944, 12, 2300, 10.72), (10, 24004, 58, 2300, 11.96)]
ResNet18-128-1-[(2, 2595, 0, 327, 10.01), (2, 5047, 7, 1612, 5.37), (6, 7609, 8, 2422, 10.34), (5, 7621, 51, 2422, 21.75)]
ResNet18-128-2-[(2, 2912, 0, 327, 10.01), (3, 6030, 4, 1598, 5.28), (11, 12888, 0, 2418, 10.6), (7, 13088, 85, 2418, 12.74)]
ResNet18-128-3-[(2, 3298, 0, 327, 10.01), (4, 11061, 6, 1960, 5.48), (11, 18506, 0, 2420, 10.49), (10, 18549, 81, 2420, 8.98)]
ResNet18-128-4-[(2, 3684, 0, 327, 10.01), (5, 9268, 4, 1534, 5.76), (14, 23553, 0, 2418, 10.72), (14, 24007, 78, 2418, 6.5)]
AlexNet-8-1-[(2, 2586, 0, 327, 10.01), (2, 5093, 5, 1816, 5.47), (6, 7489, 0, 2074, 10.61), (4, 7652, 26, 2074, 78.04)]
AlexNet-8-2-[(2, 2933, 0, 327, 10.01), (3, 8298, 6, 1934, 5.47), (9, 13071, 9, 2082, 10.42), (5, 13092, 86, 2082, 92.57)]
AlexNet-8-3-[(2, 3336, 0, 327, 10.01), (4, 8754, 2, 1482, 5.82), (10, 17483, 0, 2082, 10.69), (7, 18509, 75, 2082, 51.12)]
AlexNet-8-4-[(4, 3693, 0, 327, 10.01), (4, 15014, 6, 1934, 5.91), (12, 23863, 13, 2082, 10.89), (9, 23900, 71, 2082, 36.86)]
AlexNet-16-1-[(2, 2618, 0, 327, 10.01), (2, 4783, 6, 1676, 5.43), (7, 7500, 0, 2080, 10.43), (4, 7658, 31, 2080, 42.05)]
AlexNet-16-2-[(2, 2936, 0, 327, 10.01), (3, 5589, 3, 1434, 5.64), (11, 13036, 0, 2084, 10.52), (6, 13071, 74, 2084, 35.81)]
AlexNet-16-3-[(2, 3318, 0, 327, 10.01), (4, 8564, 4, 1496, 5.77), (13, 18141, 0, 2084, 10.36), (7, 18534, 79, 2084, 26.38)]
AlexNet-16-4-[(2, 3703, 0, 327, 10.01), (5, 7640, 4, 1352, 5.94), (13, 22311, 0, 2084, 10.75), (10, 23948, 68, 2084, 19.7)]
AlexNet-32-1-[(2, 2621, 0, 327, 10.01), (2, 4422, 5, 1486, 5.4), (5, 7560, 6, 2120, 10.45), (5, 7617, 31, 2120, 21.49)]
AlexNet-32-2-[(2, 2916, 0, 327, 10.01), (3, 6292, 1, 1416, 5.75), (11, 12914, 0, 2136, 10.34), (6, 13095, 85, 2136, 22.66)]
AlexNet-32-3-[(2, 3328, 1, 327, 10.01), (4, 6768, 5, 1352, 5.6), (11, 18097, 0, 2134, 10.64), (11, 18485, 67, 2134, 12.78)]
AlexNet-32-4-[(2, 3702, 0, 327, 10.01), (4, 8631, 2, 1532, 5.85), (13, 23321, 0, 2134, 10.71), (11, 23949, 71, 2134, 11.35)]
AlexNet-64-1-[(2, 2607, 1, 327, 10.01), (2, 4220, 6, 1480, 5.52), (6, 7488, 0, 2154, 10.37), (6, 7607, 37, 2154, 12.35)]
AlexNet-64-2-[(2, 2928, 1, 327, 10.01), (3, 7234, 6, 1688, 5.62), (10, 12238, 0, 2122, 10.62), (9, 13061, 69, 2122, 11.16)]
AlexNet-64-3-[(2, 3308, 0, 327, 10.01), (4, 8008, 4, 1388, 5.74), (12, 18470, 11, 2174, 10.75), (12, 18498, 74, 2174, 7.17)]
AlexNet-64-4-[(2, 3693, 0, 327, 10.01), (4, 12278, 6, 1704, 5.86), (13, 23626, 0, 2168, 10.95), (15, 23952, 79, 2168, 5.86)]
AlexNet-128-1-[(2, 2614, 0, 327, 10.01), (2, 4295, 4, 1392, 5.45), (6, 7598, 5, 2162, 10.56), (7, 7653, 37, 2162, 10.22)]
AlexNet-128-2-[(3, 2937, 0, 327, 10.01), (3, 6786, 4, 1554, 5.59), (9, 12850, 0, 2152, 10.44), (11, 13084, 78, 2152, 5.72)]
AlexNet-128-3-[(3, 3272, 0, 327, 10.01), (3, 9670, 5, 1722, 5.72), (12, 17323, 0, 2204, 10.4), (15, 18572, 54, 2204, 4.82)]
AlexNet-128-4-[(4, 3672, 0, 327, 10.01), (4, 14183, 5, 1934, 5.93), (14, 24026, 14, 2196, 10.65), (17, 24028, 87, 2198, 3.79)]
GraphSage-8-1-[(2, 2585, 0, 327, 10.01), (2, 5029, 4, 1738, 5.58), (0, 0, 0, 0, 0.0), (39, 6287, 2, 2210, 171.16)]
GraphSage-8-2-[(2, 2859, 0, 327, 10.01), (4, 5809, 1, 1416, 5.69), (0, 0, 0, 0, 0.0), (44, 10516, 5, 2210, 127.79)]
GraphSage-8-3-[(2, 3240, 0, 327, 10.01), (5, 9404, 4, 1684, 5.92), (0, 0, 0, 0, 0.0), (44, 14598, 2, 2210, 132.61)]
GraphSage-8-4-[(2, 3594, 0, 327, 10.01), (5, 14329, 4, 1900, 6.15), (0, 0, 0, 0, 0.0), (45, 18753, 4, 2210, 119.27)]
GraphSage-16-1-[(2, 2508, 0, 327, 10.01), (2, 4954, 5, 1750, 5.52), (0, 0, 0, 0, 0.0), (39, 6324, 2, 2230, 87.99)]
GraphSage-16-2-[(2, 2851, 0, 327, 10.01), (3, 7675, 4, 1780, 5.66), (0, 0, 0, 0, 0.01), (43, 10561, 4, 2230, 66.9)]
GraphSage-16-3-[(2, 3237, 0, 327, 10.0), (5, 9548, 3, 1798, 5.8), (0, 0, 0, 0, 0.0), (45, 14835, 2, 2230, 69.31)]
GraphSage-16-4-[(2, 3618, 1, 327, 10.01), (6, 10964, 3, 1626, 6.0), (0, 0, 0, 0, 0.0), (44, 18889, 3, 2230, 63.08)]
GraphSage-32-1-[(2, 2515, 0, 327, 10.01), (2, 5219, 5, 1840, 5.53), (0, 0, 0, 0, 0.0), (39, 6353, 2, 2216, 45.21)]
GraphSage-32-2-[(2, 2849, 0, 327, 10.01), (3, 8118, 6, 1788, 5.62), (0, 0, 0, 0, 0.0), (42, 10456, 2, 2214, 34.64)]
GraphSage-32-3-[(3, 3211, 0, 327, 10.01), (5, 9228, 6, 1684, 5.96), (0, 0, 0, 0, 0.0), (44, 14655, 3, 2214, 36.22)]
GraphSage-32-4-[(3, 3605, 0, 327, 10.01), (6, 10171, 3, 1682, 6.04), (0, 0, 0, 0, 0.0), (43, 18800, 1, 2214, 31.78)]
GraphSage-64-1-[(3, 2505, 0, 327, 10.01), (3, 4049, 4, 1372, 5.77), (0, 0, 0, 0, 0.0), (38, 6305, 2, 2240, 23.74)]
GraphSage-64-2-[(3, 2863, 0, 327, 10.01), (4, 7568, 4, 1606, 5.69), (0, 0, 0, 0, 0.01), (43, 10432, 4, 2240, 17.38)]
GraphSage-64-3-[(2, 3230, 0, 327, 10.01), (4, 11295, 4, 1912, 5.98), (0, 0, 0, 0, 0.0), (43, 14564, 2, 2240, 19.35)]
GraphSage-64-4-[(2, 3627, 0, 327, 10.01), (6, 13687, 6, 1912, 6.14), (0, 0, 0, 0, 0.0), (44, 18591, 1, 2240, 17.32)]
GraphSage-128-1-[(3, 2508, 0, 327, 10.01), (3, 4582, 7, 1612, 5.51), (0, 0, 0, 0, 0.0), (37, 6326, 2, 2216, 12.14)]
GraphSage-128-2-[(2, 2874, 0, 327, 10.01), (3, 6646, 4, 1588, 5.67), (0, 0, 0, 0, 0.0), (40, 10360, 4, 2216, 9.75)]
GraphSage-128-3-[(2, 3236, 0, 327, 10.01), (5, 8449, 3, 1550, 5.8), (0, 0, 0, 0, 0.0), (42, 14369, 3, 2216, 9.83)]
GraphSage-128-4-[(2, 3612, 0, 327, 10.01), (5, 9158, 6, 1618, 6.17), (0, 0, 0, 0, 0.01), (46, 18317, 6, 2216, 8.96)]
Transformer-8-1-[(2, 2508, 0, 327, 10.01), (2, 4739, 4, 1634, 7.72), (0, 0, 0, 0, 0.0), (3, 6149, 28, 2134, 265.54)]
Transformer-8-2-[(3, 2917, 0, 327, 10.01), (4, 9951, 5, 1900, 8.13), (0, 0, 0, 0, 0.0), (4, 10137, 94, 2138, 321.44)]
Transformer-8-3-[(2, 3307, 0, 327, 10.01), (4, 13792, 4, 1900, 8.43), (0, 0, 0, 0, 0.0), (5, 14070, 87, 2138, 159.11)]
Transformer-8-4-[(2, 3657, 0, 327, 10.01), (10, 17691, 3, 1900, 8.94), (0, 0, 0, 0, 0.0), (6, 18009, 89, 2138, 127.71)]
Transformer-16-1-[(3, 2562, 0, 327, 10.01), (2, 5665, 3, 1900, 7.93), (0, 0, 0, 0, 0.0), (3, 6177, 35, 2248, 65.79)]
Transformer-16-2-[(2, 2930, 0, 327, 10.01), (3, 8287, 4, 1786, 8.15), (0, 0, 0, 0, 0.0), (4, 10136, 93, 2238, 74.88)]
Transformer-16-3-[(2, 3325, 0, 327, 10.01), (4, 10874, 4, 1766, 8.57), (0, 0, 0, 0, 0.0), (5, 14028, 92, 2238, 45.02)]
Transformer-16-4-[(4, 3664, 0, 327, 10.01), (8, 17746, 2, 1900, 8.91), (0, 0, 0, 0, 0.0), (5, 18049, 93, 2238, 36.49)]
Transformer-32-1-[(2, 2560, 0, 327, 10.01), (2, 5475, 3, 1900, 7.95), (0, 0, 0, 0, 0.0), (3, 6150, 63, 2618, 16.55)]
Transformer-32-2-[(2, 2926, 0, 327, 10.01), (3, 9674, 4, 1900, 8.16), (0, 0, 0, 0, 0.0), (3, 10125, 96, 2554, 21.64)]
Transformer-32-3-[(2, 3288, 0, 327, 10.01), (4, 10795, 4, 1790, 8.5), (0, 0, 0, 0, 0.0), (5, 14012, 94, 2554, 13.45)]
Transformer-32-4-[(2, 3650, 0, 327, 10.02), (5, 16142, 4, 1900, 8.92), (0, 0, 0, 0, 0.01), (6, 18017, 91, 2554, 9.38)]
Transformer-64-1-[(2, 2566, 0, 327, 10.01), (2, 4960, 4, 1720, 7.8), (0, 0, 0, 0, 0.0), (3, 6139, 81, 3306, 5.99)]
Transformer-64-2-[(2, 2935, 0, 327, 10.01), (5, 9936, 5, 1900, 8.24), (0, 0, 0, 0, 0.0), (4, 10069, 98, 3346, 6.87)]
Transformer-64-3-[(2, 3280, 0, 327, 10.01), (4, 11717, 5, 1880, 8.4), (0, 0, 0, 0, 0.0), (4, 14029, 95, 3330, 3.76)]
Transformer-64-4-[(3, 3639, 0, 327, 10.01), (10, 17717, 4, 1900, 8.86), (0, 0, 0, 0, 0.0), (6, 17978, 93, 3332, 2.59)]
Bert-8-1-[(3, 2545, 0, 327, 10.01), (2, 11382, 2, 2258, 30.06), (0, 0, 0, 0, 0.0), (3, 10745, 97, 3982, 4.74)]
Bert-8-2-[(3, 2929, 0, 327, 10.01), (3, 20858, 1, 2430, 30.14), (0, 0, 0, 0, 0.0), (4, 19339, 98, 4050, 2.85)]
Bert-8-3-[(2, 3286, 0, 327, 10.01), (4, 29932, 1, 2430, 30.39), (0, 0, 0, 0, 0.0), (5, 29205, 99, 4103, 1.06)]
Bert-8-4-[(2, 3662, 0, 327, 10.01), (5, 40112, 1, 2430, 30.77), (0, 0, 0, 0, 0.0), (6, 36451, 99, 4024, 0.6)]
Bert-16-1-[(3, 2557, 0, 327, 10.01), (3, 11428, 1, 2258, 30.18), (0, 0, 0, 0, 0.0), (3, 10760, 88, 5112, 4.3)]
Bert-16-2-[(3, 2924, 0, 327, 10.01), (3, 20576, 1, 2430, 29.92), (0, 0, 0, 0, 0.0), (4, 19323, 99, 5180, 1.82)]
Bert-16-3-[(4, 3272, 0, 327, 10.01), (4, 30198, 2, 2430, 30.33), (0, 0, 0, 0, 0.0), (4, 29212, 99, 5180, 0.68)]
Bert-16-4-[(2, 3668, 0, 327, 10.01), (5, 40194, 1, 2430, 30.49), (0, 0, 0, 0, 0.0), (6, 36758, 99, 5180, 0.38)]
ResNet50-8-1-[(2, 2546, 0, 327, 10.01), (2, 4532, 4, 1594, 5.44), (5, 7626, 5, 2394, 10.39), (3, 7677, 32, 2394, 527.22)]
ResNet50-8-2-[(2, 2971, 0, 327, 10.01), (3, 6629, 4, 1520, 5.5), (9, 12731, 0, 2402, 10.56), (4, 13118, 82, 2402, 363.8)]
ResNet50-8-3-[(2, 3336, 0, 327, 10.01), (4, 12018, 4, 1876, 5.74), (10, 18508, 13, 2402, 10.67), (5, 18553, 76, 2402, 204.55)]
ResNet50-8-4-[(2, 3709, 0, 327, 10.01), (5, 9369, 6, 1480, 5.83), (14, 23370, 0, 2402, 10.79), (6, 23970, 73, 2402, 152.56)]
ResNet50-16-1-[(2, 2611, 0, 327, 10.01), (2, 5076, 5, 1766, 5.4), (7, 7487, 0, 2486, 10.61), (3, 7667, 33, 2486, 283.35)]
ResNet50-16-2-[(2, 2974, 0, 327, 10.01), (3, 5421, 4, 1460, 5.5), (10, 12957, 0, 2476, 10.42), (4, 13157, 80, 2476, 184.58)]
ResNet50-16-3-[(2, 3339, 0, 327, 10.01), (3, 9399, 6, 1574, 5.59), (10, 18546, 13, 2476, 10.78), (5, 18594, 72, 2476, 111.17)]
ResNet50-16-4-[(3, 3732, 1, 327, 10.01), (4, 7777, 4, 1444, 5.8), (13, 22326, 0, 2476, 10.94), (7, 24007, 73, 2476, 84.24)]
ResNet50-32-1-[(2, 2635, 0, 327, 10.01), (2, 4535, 8, 1512, 5.41), (5, 7650, 3, 2712, 10.37), (3, 7687, 42, 2712, 138.16)]
ResNet50-32-2-[(3, 2960, 0, 327, 10.01), (3, 8117, 4, 1780, 5.44), (8, 13124, 15, 2710, 10.71), (4, 13133, 83, 2710, 101.42)]
ResNet50-32-3-[(2, 3357, 1, 327, 10.01), (4, 9393, 4, 1588, 5.64), (10, 17310, 0, 2700, 10.7), (6, 18586, 76, 2700, 59.49)]
ResNet50-32-4-[(2, 3718, 0, 327, 10.01), (5, 11165, 5, 1632, 5.79), (15, 24034, 1, 2700, 10.67), (7, 24045, 79, 2700, 43.95)]
ResNet50-64-1-[(2, 2634, 0, 327, 10.01), (2, 5378, 6, 1882, 5.37), (6, 7586, 0, 2960, 10.29), (3, 7679, 61, 2960, 72.83)]
ResNet50-64-2-[(2, 2970, 0, 327, 10.01), (3, 9082, 4, 2014, 5.52), (10, 13124, 13, 2970, 10.15), (5, 13137, 87, 2970, 56.9)]
ResNet50-64-3-[(2, 3344, 0, 327, 10.01), (4, 9440, 4, 1728, 5.77), (10, 18623, 15, 2950, 10.53), (7, 18597, 83, 2950, 32.16)]
ResNet50-64-4-[(2, 3697, 1, 327, 10.01), (5, 9289, 4, 1378, 5.82), (11, 24005, 15, 2950, 10.91), (8, 24047, 78, 2950, 23.11)]
ResNet50-128-1-[(2, 2614, 0, 327, 10.01), (2, 4537, 6, 1580, 5.38), (6, 7553, 0, 3486, 10.48), (4, 7684, 85, 3486, 42.5)]
ResNet50-128-2-[(2, 2954, 0, 327, 10.01), (3, 8385, 6, 1812, 5.55), (9, 12893, 0, 3468, 10.52), (5, 13146, 96, 3468, 30.52)]
ResNet50-128-3-[(2, 3301, 0, 327, 10.01), (4, 8361, 2, 1484, 5.64), (11, 18583, 0, 3482, 10.69), (7, 18609, 95, 3484, 18.69)]
ResNet50-128-4-[(3, 3706, 0, 327, 10.01), (4, 8150, 4, 1440, 5.87), (15, 23243, 0, 3474, 11.26), (11, 24130, 81, 3474, 13.81)]
MobileNetv2-8-1-[(2, 2584, 0, 327, 10.01), (2, 3935, 4, 1535, 5.39), (4, 8145, 0, 2113, 10.88), (3, 8292, 20, 2113, 664.56)]
MobileNetv2-8-2-[(2, 2977, 0, 327, 10.01), (1, 8363, 6, 723, 5.49), (11, 11924, 0, 2113, 10.97), (4, 13519, 41, 2113, 337.85)]
MobileNetv2-8-3-[(3, 3341, 0, 327, 10.01), (2, 7274, 6, 1091, 5.7), (13, 16145, 0, 2105, 10.28), (5, 18777, 44, 2105, 216.41)]
MobileNetv2-8-4-[(4, 3718, 0, 327, 10.01), (3, 13016, 5, 1943, 5.91), (22, 20601, 0, 2105, 10.49), (7, 24064, 42, 2105, 156.24)]
MobileNetv2-16-1-[(2, 2584, 0, 327, 10.01), (2, 3928, 4, 1223, 5.41), (3, 8248, 7, 2143, 10.78), (3, 8244, 20, 2143, 322.46)]
MobileNetv2-16-2-[(2, 2977, 0, 327, 10.01), (2, 8363, 6, 683, 5.53), (11, 13469, 0, 2143, 10.95), (4, 13475, 39, 2143, 135.27)]
MobileNetv2-16-3-[(3, 3341, 0, 327, 10.01), (2, 7274, 6, 1271, 5.64), (15, 18723, 13, 2135, 10.17), (6, 18764, 33, 2135, 102.42)]
MobileNetv2-16-4-[(4, 3718, 0, 327, 10.01), (2, 13016, 3, 1549, 5.88), (17, 22400, 0, 2135, 10.64), (7, 24066, 29, 2135, 75.15)]
MobileNetv2-32-1-[(2, 2584, 1, 327, 10.01), (2, 3953, 7, 1213, 5.4), (4, 8283, 11, 2213, 10.84), (3, 8276, 32, 2213, 105.67)]
MobileNetv2-32-2-[(2, 2977, 0, 327, 10.01), (2, 8363, 9, 1245, 5.55), (11, 12687, 0, 2215, 10.45), (5, 13548, 31, 2215, 63.22)]
MobileNetv2-32-3-[(3, 3341, 0, 327, 10.01), (2, 7274, 5, 1195, 5.74), (13, 18761, 15, 2213, 10.33), (7, 18811, 58, 2213, 48.84)]
MobileNetv2-32-4-[(4, 3718, 0, 327, 10.01), (3, 13016, 4, 1699, 5.9), (15, 24065, 0, 2213, 10.33), (10, 24080, 47, 2213, 39.53)]
MobileNetv2-64-1-[(2, 2584, 0, 327, 10.01), (2, 3966, 5, 1457, 5.39), (5, 8302, 14, 2511, 10.8), (4, 8302, 40, 2511, 58.22)]
MobileNetv2-64-2-[(2, 2977, 0, 327, 10.01), (3, 8363, 4, 1425, 5.58), (9, 13574, 30, 2513, 10.25), (7, 13566, 37, 2513, 40.41)]
MobileNetv2-64-3-[(3, 3341, 0, 327, 10.01), (2, 7274, 6, 1587, 5.63), (15, 16199, 0, 2511, 10.48), (8, 18816, 39, 2511, 30.9)]
MobileNetv2-64-4-[(4, 3718, 0, 327, 10.01), (2, 13016, 6, 1163, 5.93), (17, 24122, 25, 2523, 10.43), (10, 24122, 70, 2523, 25.07)]
MobileNetv2-128-1-[(2, 2584, 0, 327, 10.01), (2, 3957, 9, 1388, 5.25), (5, 7695, 0, 2732, 10.37), (4, 7701, 46, 2732, 30.4)]
MobileNetv2-128-2-[(2, 2977, 1, 327, 10.0), (3, 8363, 6, 1922, 5.29), (9, 13115, 8, 2714, 10.28), (6, 13153, 62, 2714, 17.64)]
MobileNetv2-128-3-[(3, 3341, 0, 327, 10.01), (4, 7274, 2, 1392, 5.41), (11, 18180, 0, 2718, 10.75), (9, 18599, 52, 2718, 12.1)]
MobileNetv2-128-4-[(4, 3718, 0, 327, 10.01), (4, 13016, 6, 1922, 5.55), (14, 24051, 11, 2740, 10.72), (10, 24064, 70, 2740, 9.79)]
VGG16-8-1-[(2, 2652, 0, 327, 10.01), (2, 4601, 3, 1239, 6.89), (5, 8248, 23, 3033, 10.76), (3, 8264, 69, 3033, 220.69)]
VGG16-8-2-[(2, 2955, 0, 327, 10.01), (2, 7680, 2, 1619, 7.06), (8, 13460, 33, 3033, 10.08), (4, 13477, 96, 3033, 142.4)]
VGG16-8-3-[(2, 3335, 0, 327, 10.01), (3, 10692, 1, 1415, 7.24), (13, 17376, 0, 3033, 10.55), (3, 18740, 99, 3033, 141.41)]
VGG16-8-4-[(2, 3707, 0, 327, 10.01), (3, 12409, 0, 849, 7.68), (14, 23968, 0, 3033, 10.56), (4, 24043, 99, 3033, 136.77)]
VGG16-16-1-[(2, 2650, 0, 327, 10.01), (2, 4651, 2, 1553, 6.9), (5, 8288, 0, 3569, 10.77), (3, 8275, 97, 3569, 90.16)]
VGG16-16-2-[(2, 2969, 0, 327, 10.01), (3, 7656, 2, 2085, 7.39), (9, 12842, 0, 3573, 10.67), (4, 13512, 97, 3573, 74.28)]
VGG16-16-3-[(2, 3331, 0, 327, 10.01), (3, 10621, 3, 1561, 7.2), (11, 18726, 33, 3573, 10.43), (4, 18803, 99, 3573, 73.37)]
VGG16-16-4-[(2, 3760, 0, 327, 10.01), (4, 12461, 0, 1373, 7.46), (17, 24012, 0, 3575, 10.68), (6, 24085, 99, 3575, 75.05)]
VGG16-32-1-[(3, 2648, 0, 327, 10.01), (2, 4629, 3, 1369, 6.89), (6, 8077, 0, 3203, 10.79), (4, 8271, 98, 3203, 65.29)]
VGG16-32-2-[(2, 2978, 0, 327, 10.01), (2, 7646, 2, 1571, 7.03), (8, 12627, 0, 3213, 10.11), (6, 13534, 99, 3213, 39.34)]
VGG16-32-3-[(2, 3358, 0, 327, 10.01), (3, 10632, 4, 1861, 7.15), (12, 18790, 33, 3213, 10.53), (8, 18802, 88, 3213, 40.15)]
VGG16-32-4-[(2, 3740, 0, 327, 10.01), (3, 12405, 2, 1879, 7.47), (15, 24073, 0, 3215, 10.33), (9, 24064, 100, 3215, 39.97)]
VGG16-64-1-[(2, 2676, 1, 327, 10.01), (2, 4651, 2, 2077, 6.82), (5, 8301, 0, 3577, 10.51), (3, 8308, 94, 3577, 46.0)]
VGG16-64-2-[(2, 2988, 0, 327, 10.01), (2, 7693, 3, 1209, 7.06), (7, 13540, 33, 3611, 10.15), (6, 13547, 85, 3611, 29.56)]
VGG16-64-3-[(2, 3350, 0, 327, 10.01), (3, 10620, 2, 1681, 7.17), (9, 18824, 33, 3071, 10.04), (8, 18829, 84, 3071, 23.15)]
VGG16-64-4-[(2, 3738, 0, 327, 10.01), (3, 12418, 2, 1709, 7.32), (18, 24085, 2, 3619, 10.29), (10, 24088, 100, 3619, 19.88)]
VGG16-128-1-[(2, 2627, 0, 327, 10.01), (2, 4602, 4, 1426, 6.72), (5, 7520, 0, 4186, 10.75), (3, 7708, 98, 4186, 59.74)]
VGG16-128-2-[(2, 2994, 0, 327, 10.01), (3, 7693, 4, 1686, 6.94), (9, 12790, 0, 3680, 10.69), (5, 13150, 96, 3680, 40.18)]
VGG16-128-3-[(2, 3346, 0, 327, 10.01), (4, 10623, 4, 1804, 7.17), (10, 18603, 17, 3680, 10.76), (7, 18633, 91, 3680, 24.23)]
VGG16-128-4-[(2, 3736, 0, 327, 10.01), (5, 12416, 5, 1728, 7.21), (14, 24061, 0, 4228, 11.0), (9, 24073, 97, 4228, 18.01)]
GCN-8-1-[(2, 2606, 0, 327, 10.01), (2, 4728, 6, 1674, 4.62), (0, 0, 0, 0, 0.0), (3, 6025, 27, 2228, 9.58)]
GCN-8-2-[(2, 2982, 1, 327, 10.01), (3, 6713, 9, 1628, 4.78), (0, 0, 0, 0, 0.0), (4, 9793, 32, 2228, 4.79)]
GCN-8-3-[(2, 3326, 0, 327, 10.01), (4, 9349, 9, 1760, 4.87), (0, 0, 0, 0, 0.0), (5, 13549, 31, 2228, 3.31)]
GCN-8-4-[(2, 3682, 0, 327, 10.01), (4, 12526, 5, 1886, 5.12), (0, 0, 0, 0, 0.01), (6, 17344, 33, 2228, 2.43)]
GCN-16-1-[(2, 2581, 0, 327, 10.01), (2, 4301, 6, 1490, 4.62), (0, 0, 0, 0, 0.0), (3, 5988, 28, 2228, 9.49)]
GCN-16-2-[(4, 2951, 0, 327, 10.01), (3, 7989, 5, 1884, 4.75), (0, 0, 0, 0, 0.01), (4, 9796, 30, 2228, 4.92)]
GCN-16-3-[(2, 3334, 0, 327, 10.01), (3, 10777, 5, 1840, 4.97), (0, 0, 0, 0, 0.0), (5, 13527, 29, 2228, 3.34)]
GCN-16-4-[(3, 3674, 0, 327, 10.01), (4, 11257, 4, 1764, 5.04), (0, 0, 0, 0, 0.01), (6, 17327, 26, 2228, 2.45)]
GCN-32-1-[(2, 2552, 0, 327, 10.01), (2, 4288, 4, 1518, 4.57), (0, 0, 0, 0, 0.0), (3, 5966, 28, 2228, 9.49)]
GCN-32-2-[(2, 2931, 0, 327, 10.01), (3, 7226, 4, 1712, 4.8), (0, 0, 0, 0, 0.01), (4, 9737, 30, 2228, 4.8)]
GCN-32-3-[(2, 3310, 0, 327, 10.01), (4, 10352, 8, 1732, 4.91), (0, 0, 0, 0, 0.01), (5, 13560, 27, 2228, 3.28)]
GCN-32-4-[(3, 3674, 0, 327, 10.01), (4, 10631, 4, 1732, 5.05), (0, 0, 0, 0, 0.0), (6, 17336, 27, 2228, 2.43)]
GCN-64-1-[(2, 2552, 0, 327, 10.01), (2, 5264, 6, 1884, 4.67), (0, 0, 0, 0, 0.0), (3, 5973, 27, 2228, 9.38)]
GCN-64-2-[(2, 2924, 0, 327, 10.01), (3, 7517, 6, 1804, 4.69), (0, 0, 0, 0, 0.0), (4, 9747, 29, 2228, 4.86)]
GCN-64-3-[(2, 3308, 0, 327, 10.01), (4, 11322, 6, 1902, 4.91), (0, 0, 0, 0, 0.01), (5, 13510, 26, 2228, 3.38)]
GCN-64-4-[(2, 3676, 0, 327, 10.01), (5, 13075, 9, 1886, 4.93), (0, 0, 0, 0, 0.02), (6, 17313, 28, 2228, 2.44)]
GCN-128-1-[(2, 2580, 0, 327, 10.01), (3, 5163, 8, 1666, 4.61), (0, 0, 0, 0, 0.0), (3, 5997, 27, 2228, 9.6)]
GCN-128-2-[(3, 2942, 0, 327, 10.01), (3, 5552, 3, 1308, 4.69), (0, 0, 0, 0, 0.02), (4, 9770, 31, 2228, 4.75)]
GCN-128-3-[(4, 3327, 0, 327, 10.01), (4, 11668, 4, 1888, 4.93), (0, 0, 0, 0, 0.0), (5, 13503, 32, 2228, 3.35)]
GCN-128-4-[(2, 3699, 0, 327, 10.01), (4, 8276, 4, 1384, 5.13), (0, 0, 0, 0, 0.01), (6, 17330, 30, 2228, 2.48)]
