ResNet18-8-1-[5.045717239379883,0.0015384077560156584,0.028194332495331764,0.002895250217989087]
ResNet18-8-2-[5.745702266693115,0.00044018030166625977,0.022834978997707367,0.0025439858436584473]
ResNet18-8-3-[5.570018768310547,0.0006306266877800226,0.023880861699581146,0.0023668718058615923]
ResNet18-8-4-[5.65622615814209,0.00043606042163446546,0.02383999526500702,0.0025634646881371737]
ResNet18-16-1-[5.227756023406982,0.0004587149596773088,0.020565304905176163,0.002438428346067667]
ResNet18-16-2-[5.331234931945801,0.0005185103509575129,0.023568911477923393,0.002195689594373107]
ResNet18-16-3-[5.574065208435059,0.0006739306263625622,0.024495940655469894,0.0025348758790642023]
ResNet18-16-4-[5.7630085945129395,0.0005339121562428772,0.025922579690814018,0.0022329329513013363]
ResNet18-32-1-[5.287136554718018,0.0005330658168531954,0.022364294156432152,0.0033628058154135942]
ResNet18-32-2-[5.27012825012207,0.0006968474481254816,0.0235358364880085,0.0028523635119199753]
ResNet18-32-3-[5.493521690368652,0.0007473898003809154,0.02395380660891533,0.0030219245236366987]
ResNet18-32-4-[5.632365703582764,0.0015617561293765903,0.026310553774237633,0.002655310556292534]
ResNet18-64-1-[5.4239726066589355,0.0007758903666399419,0.024925129488110542,0.003133075311779976]
ResNet18-64-2-[5.255132675170898,0.0007385539938695729,0.027619481086730957,0.0030244493391364813]
ResNet18-64-3-[5.650622367858887,0.007110536098480225,0.026874739676713943,0.003020193660631776]
ResNet18-64-4-[5.649374961853027,0.004651038441807032,0.029177889227867126,0.0028319882694631815]
ResNet18-128-1-[5.482679843902588,0.0010218071984127164,0.02515164390206337,0.0034899068996310234]
ResNet18-128-2-[5.387393951416016,0.001497914781793952,0.028069505468010902,0.0030911637004464865]
ResNet18-128-3-[5.555448532104492,0.017559554427862167,0.02915007621049881,0.002733464352786541]
ResNet18-128-4-[5.665462493896484,0.02050449699163437,0.02972821705043316,0.002678787801414728]
AlexNet-8-1-[5.5375213623046875,0.0003705096314661205,0.006137423682957888,0.0009411549544893205]
AlexNet-8-2-[5.715658187866211,0.0005445718998089433,0.012164709158241749,0.0006817865651100874]
AlexNet-8-3-[5.807646751403809,0.0003755640937015414,0.00825029332190752,0.0009910917142406106]
AlexNet-8-4-[5.8732590675354,0.0005325293750502169,0.010863342322409153,0.001137309125624597]
AlexNet-16-1-[5.575340270996094,0.0004160666430834681,0.007050077896565199,0.0008671021205373108]
AlexNet-16-2-[5.705366134643555,0.0004680681158788502,0.014019153080880642,0.000907630892470479]
AlexNet-16-3-[5.8017578125,0.0005316805909387767,0.011646316386759281,0.0008617210551165044]
AlexNet-16-4-[5.947386741638184,0.0006011986988596618,0.012259130366146564,0.0009519028826616704]
AlexNet-32-1-[5.308098316192627,0.0005911946063861251,0.00654616579413414,0.0008631015080027282]
AlexNet-32-2-[5.6478047370910645,0.0004501724324654788,0.012931165285408497,0.0007053852314129472]
AlexNet-32-3-[5.71919059753418,0.000544617185369134,0.01346838753670454,0.0007199597312137485]
AlexNet-32-4-[5.934953689575195,0.0005830097361467779,0.01267679687589407,0.0009457230335101485]
AlexNet-64-1-[5.47532844543457,0.0006615614984184504,0.007227747235447168,0.0009347224258817732]
AlexNet-64-2-[5.629271507263184,0.0005919623654335737,0.013123538345098495,0.0008205342455767095]
AlexNet-64-3-[5.746634483337402,0.0005858492804691195,0.011936292983591557,0.0009545803186483681]
AlexNet-64-4-[5.956676483154297,0.0007783579640090466,0.01671941578388214,0.0009348821477033198]
AlexNet-128-1-[5.499073505401611,0.005145990755409002,0.00720866909250617,0.0007857632590457797]
AlexNet-128-2-[5.670191764831543,0.0013237190432846546,0.012382850982248783,0.0011183214373886585]
AlexNet-128-3-[5.793192386627197,0.002096812706440687,0.011921985074877739,0.0010502695804461837]
AlexNet-128-4-[5.924839496612549,0.0007410359103232622,0.014601225964725018,0.0009354948997497559]
GraphSage-8-1-[5.548430919647217,0.007466890849173069,0.3387570381164551,0.0005222344188950956]
GraphSage-8-2-[5.657571792602539,0.006377279758453369,1.2331560850143433,0.000507385702803731]
GraphSage-8-3-[5.83689022064209,0.0068830703385174274,2.2718520164489746,0.0005060791736468673]
GraphSage-8-4-[6.079023361206055,0.006476790178567171,2.690911293029785,0.0005277201416902244]
GraphSage-16-1-[5.440684795379639,0.013142078183591366,0.3537866473197937,0.0005085301236249506]
GraphSage-16-2-[5.673548698425293,0.011741263791918755,1.284005045890808,0.0005176039412617683]
GraphSage-16-3-[5.909945011138916,0.012043718248605728,2.344935178756714,0.0004936292534694076]
GraphSage-16-4-[6.060647010803223,0.011863204650580883,2.8105618953704834,0.0005524050211533904]
GraphSage-32-1-[5.5264482498168945,0.023440849035978317,0.38701727986335754,0.0005319229676388204]
GraphSage-32-2-[5.701584815979004,0.02310936525464058,1.2989774942398071,0.0005091374623589218]
GraphSage-32-3-[5.951297760009766,0.02210269682109356,2.351321220397949,0.0005341052892617881]
GraphSage-32-4-[6.023563385009766,0.02308996208012104,2.822889804840088,0.0005580620490945876]
GraphSage-64-1-[5.493708610534668,0.04472865164279938,0.3939969539642334,0.0005167343188077211]
GraphSage-64-2-[5.726214408874512,0.04843069240450859,1.297015905380249,0.0005314241861924529]
GraphSage-64-3-[5.841551303863525,0.05199401080608368,2.3717563152313232,0.0005521327257156372]
GraphSage-64-4-[6.178388595581055,0.051821451634168625,2.894014358520508,0.0005371968145482242]
GraphSage-128-1-[5.548775672912598,0.08681657910346985,0.3955051600933075,0.0005085901939310133]
GraphSage-128-2-[5.673255920410156,0.09450560808181763,1.341810941696167,0.0005037387018091977]
GraphSage-128-3-[5.898754596710205,0.09880372881889343,2.4048571586608887,0.0006120800971984863]
GraphSage-128-4-[6.074057579040527,0.10363471508026123,2.8782269954681396,0.0006291071767918766]
Transformer-8-1-[7.825736045837402,0.00045235632569529116,0.008015275001525879,0.0003612518194131553]
Transformer-8-2-[7.991089344024658,0.000575699785258621,0.01719846948981285,0.0003444194735493511]
Transformer-8-3-[8.336143493652344,0.0008093905635178089,0.017377331852912903,0.00034537792089395225]
Transformer-8-4-[8.81783676147461,0.0009066295460797846,0.016290659084916115,0.0003058171132579446]
Transformer-16-1-[7.605184555053711,0.00040161609649658203,0.008038513362407684,0.000365459913155064]
Transformer-16-2-[7.964386940002441,0.0004501438234001398,0.018201803788542747,0.0003704762493725866]
Transformer-16-3-[8.352347373962402,0.0006507348734885454,0.01890891045331955,0.0003253817558288574]
Transformer-16-4-[8.901228904724121,0.000532665231730789,0.01735108532011509,0.00032573461066931486]
Transformer-32-1-[7.759612083435059,0.0004219222173560411,0.008143076673150063,0.00036200284375809133]
Transformer-32-2-[8.060450553894043,0.0005611276719719172,0.020705845206975937,0.00030531882657669485]
Transformer-32-3-[8.41130542755127,0.0006304716807790101,0.01883162185549736,0.00034135341411456466]
Transformer-32-4-[8.897584915161133,0.0007363366894423962,0.01727297157049179,0.00029863594681955874]
Transformer-64-1-[7.824164867401123,0.0002998781274072826,0.011979823000729084,0.00037058352609165013]
Transformer-64-2-[7.818490028381348,0.000226168631343171,0.026076283305883408,0.0002817559288814664]
Transformer-64-3-[8.459848403930664,0.00024786710855551064,0.02179589495062828,0.00030745507683604956]
Transformer-64-4-[8.878040313720703,0.0002444863202981651,0.022127902135252953,0.0002948975597973913]
Bert-8-1-[36.92982864379883,0.001206710352562368,0.02385121025145054,0.013514842838048935]
Bert-8-2-[30.1798095703125,0.0015558451414108276,0.061087001115083694,0.026635654270648956]
Bert-8-3-[30.413028717041016,0.009729163721203804,0.049693040549755096,0.02295803092420101]
Bert-8-4-[30.495582580566406,0.008247360587120056,0.04742749035358429,0.020150184631347656]
Bert-16-1-[29.99728775024414,0.0019886374939233065,0.05620890483260155,0.012870686128735542]
Bert-16-2-[30.30633544921875,0.0049895718693733215,0.0724305659532547,0.01439262181520462]
Bert-16-3-[30.368976593017578,0.0057313269935548306,0.0911339670419693,0.01549991499632597]
Bert-16-4-[30.481006622314453,0.01622709631919861,0.08254089951515198,0.024609237909317017]
ResNet50-8-1-[5.4790496826171875,0.00046437978744506836,0.03600069507956505,0.005995652638375759]
ResNet50-8-2-[5.502200603485107,0.0005085706943646073,0.05301244184374809,0.005535230506211519]
ResNet50-8-3-[5.637456893920898,0.0002678704331628978,0.043112434446811676,0.005706048104912043]
ResNet50-8-4-[5.813569068908691,0.0006529951351694763,0.04346311837434769,0.005894973408430815]
ResNet50-16-1-[5.448812484741211,0.00045337676419876516,0.03889844939112663,0.006402552127838135]
ResNet50-16-2-[5.512942314147949,0.0002888011804316193,0.05374378710985184,0.0052015758119523525]
ResNet50-16-3-[5.691319465637207,0.0006206274265423417,0.04966551437973976,0.006509196944534779]
ResNet50-16-4-[5.81161642074585,0.0005725693772546947,0.05012379214167595,0.006284823641180992]
ResNet50-32-1-[5.3355607986450195,0.0005698275635950267,0.038709405809640884,0.006398811470717192]
ResNet50-32-2-[5.376321792602539,0.0006901478627696633,0.05688894912600517,0.006139714736491442]
ResNet50-32-3-[5.642336845397949,0.0007210230687633157,0.046062272042036057,0.006237006280571222]
ResNet50-32-4-[5.8507080078125,0.0006110358517616987,0.04942851886153221,0.006059732288122177]
ResNet50-64-1-[5.364654541015625,0.000709292886313051,0.040553975850343704,0.006305580027401447]
ResNet50-64-2-[5.434131622314453,0.0008005571435205638,0.06409130990505219,0.0078093004412949085]
ResNet50-64-3-[5.763595104217529,0.0006439352291636169,0.050540708005428314,0.0066679189912974834]
ResNet50-64-4-[5.794095993041992,0.001004793681204319,0.0501394160091877,0.006042082328349352]
ResNet50-128-1-[5.273404121398926,0.0009748124866746366,0.04705432057380676,0.007399315945804119]
ResNet50-128-2-[5.546948432922363,0.0009292888571508229,0.0607927180826664,0.015610597096383572]
ResNet50-128-3-[5.601889610290527,0.00098706956487149,0.062236592173576355,0.0080323601141572]
ResNet50-128-4-[5.805328369140625,0.0010278034023940563,0.05983065068721771,0.007413699757307768]
MobileNetv2-8-1-[5.196323394775391,0.0005131435464136302,0.0335562527179718,0.0062875510193407536]
MobileNetv2-8-2-[5.219277858734131,0.0006674313335679471,0.038784466683864594,0.006603837013244629]
MobileNetv2-8-3-[5.421955108642578,0.0004768467042595148,0.03702174127101898,0.006099236197769642]
MobileNetv2-8-4-[5.616489410400391,0.0003141307970508933,0.03789842501282692,0.006565949879586697]
MobileNetv2-16-1-[5.084482192993164,0.00047842980711720884,0.03420504182577133,0.00640464061871171]
MobileNetv2-16-2-[5.27041482925415,0.0006842184229753911,0.03544705733656883,0.006528534926474094]
MobileNetv2-16-3-[5.382465839385986,0.0004167032311670482,0.03795721009373665,0.006319758947938681]
MobileNetv2-16-4-[5.520943641662598,0.0005229950184002519,0.045230332762002945,0.006251866929233074]
MobileNetv2-32-1-[5.043069839477539,0.0007041979115456343,0.03297014534473419,0.006254601292312145]
MobileNetv2-32-2-[5.286940574645996,0.0006467342609539628,0.03846687823534012,0.0058997441083192825]
MobileNetv2-32-3-[5.353648662567139,0.0007447957759723067,0.03706194832921028,0.006608877331018448]
MobileNetv2-32-4-[5.573519706726074,0.00045836210483685136,0.03913678228855133,0.006334488280117512]
MobileNetv2-64-1-[5.172842502593994,0.0009486746857874095,0.03129495680332184,0.007763416972011328]
MobileNetv2-64-2-[5.199522018432617,0.0009509372757747769,0.034482792019844055,0.0070487880147993565]
MobileNetv2-64-3-[5.477244853973389,0.0008865451673045754,0.034716758877038956,0.006851310841739178]
MobileNetv2-64-4-[5.526040077209473,0.0004240727284923196,0.037410296499729156,0.0066243433393538]
MobileNetv2-128-1-[5.098469257354736,0.0013039183104410768,0.03326144069433212,0.006651983130723238]
MobileNetv2-128-2-[5.219922065734863,0.0009659838397055864,0.03774813190102577,0.006020526867359877]
MobileNetv2-128-3-[5.381939888000488,0.0013647841988131404,0.03636488690972328,0.006711172871291637]
MobileNetv2-128-4-[5.485378265380859,0.0013913726434111595,0.041401755064725876,0.006687374319881201]
VGG16-8-1-[6.796064853668213,0.0004171895852778107,0.012187445536255836,0.0011318111792206764]
VGG16-8-2-[6.912128448486328,0.00043060778989456594,0.05255765840411186,0.0009956598514690995]
VGG16-8-3-[7.068059921264648,0.00045671462430618703,0.037022754549980164,0.0009978556772693992]
VGG16-8-4-[7.22269344329834,0.00033055542735382915,0.03557754307985306,0.0010193204507231712]
VGG16-16-1-[6.6753950119018555,0.00042678831960074604,0.0127399992197752,0.001576578593812883]
VGG16-16-2-[6.736212730407715,0.0004863238427788019,0.05163104459643364,0.0009475040715187788]
VGG16-16-3-[7.082574844360352,0.00016565561236348003,0.03852932155132294,0.0009323286940343678]
VGG16-16-4-[7.222402095794678,0.00016024112119339406,0.035432957112789154,0.0009328985470347106]
VGG16-32-1-[6.758522033691406,0.0006559086032211781,0.01614794321358204,0.0012411093339323997]
VGG16-32-2-[6.797569751739502,0.0006328034214675426,0.052313581109046936,0.0010098314378410578]
VGG16-32-3-[6.9886040687561035,0.0005129242199473083,0.04181884601712227,0.0009603023645468056]
VGG16-32-4-[7.196547508239746,0.0005366349359974265,0.03813452273607254,0.0010331296361982822]
VGG16-64-1-[6.732594966888428,0.0008501934935338795,0.0240183025598526,0.001036288682371378]
VGG16-64-2-[6.8074493408203125,0.0007617258816026151,0.05847397819161415,0.0008892965270206332]
VGG16-64-3-[7.147978782653809,0.0005349636194296181,0.0454566515982151,0.0010096883634105325]
VGG16-64-4-[7.301850318908691,0.0007249307818710804,0.0459798201918602,0.0011558437254279852]
VGG16-128-1-[6.789431571960449,0.0013963246019557118,0.07399912178516388,0.0010036277817562222]
VGG16-128-2-[6.856940269470215,0.0014770388370379806,0.09926127642393112,0.0010568428551778197]
VGG16-128-3-[7.032689094543457,0.001433441648259759,0.09264761954545975,0.001022088574245572]
VGG16-128-4-[7.15433406829834,0.001273841829970479,0.0857805609703064,0.001106512499973178]
GCN-8-1-[4.737351417541504,0.004003145731985569,0.09487243741750717,0.0008241414907388389]
GCN-8-2-[4.722944259643555,0.0046820808202028275,0.09607504308223724,0.0009023451711982489]
GCN-8-3-[5.035646915435791,0.006024704314768314,0.09387406706809998,0.0009429349447600543]
GCN-8-4-[5.084112644195557,0.004688305780291557,0.09488925337791443,0.0009799909312278032]
GCN-16-1-[4.741136074066162,0.004351761192083359,0.09371352940797806,0.0008018231601454318]
GCN-16-2-[4.705819129943848,0.003877243958413601,0.0945834144949913,0.0008905601571314037]
GCN-16-3-[4.921794891357422,0.006352785974740982,0.0924944132566452,0.0008185715996660292]
GCN-16-4-[4.987189292907715,0.009122052229940891,0.09124523401260376,0.0007179784588515759]
GCN-32-1-[4.630647659301758,0.004065964370965958,0.09444421529769897,0.0008218645816668868]
GCN-32-2-[4.706404685974121,0.004555928520858288,0.09481576830148697,0.0008628344512544572]
GCN-32-3-[4.880348205566406,0.005269502755254507,0.0948944166302681,0.0008937366073951125]
GCN-32-4-[5.068469524383545,0.008406396023929119,0.0910474956035614,0.0007384586497209966]
GCN-64-1-[4.590828895568848,0.003800573293119669,0.09490791708230972,0.0008351397700607777]
GCN-64-2-[4.806879043579102,0.0056434678845107555,0.09324413537979126,0.0008487129234708846]
GCN-64-3-[4.93719482421875,0.005787085276097059,0.09383343160152435,0.0008204789482988417]
GCN-64-4-[4.9393110275268555,0.009771890938282013,0.0903797373175621,0.0007266426109708846]
GCN-128-1-[4.566388130187988,0.0044042253866791725,0.09296061843633652,0.000791416154243052]
GCN-128-2-[4.642412185668945,0.007558879908174276,0.09068922698497772,0.0008073210483416915]
GCN-128-3-[4.87315559387207,0.005854301620274782,0.09202360361814499,0.000710277003236115]
GCN-128-4-[5.01750373840332,0.005839266814291477,0.09359296411275864,0.0008670234819874167]
