cpu_util,mem_util,gpu_util0,gmem_util0,gpu_util1,gmem_util1,gpu_util2,gmem_util2,gpu_util3,gmem_util3
10.0,5.2,0,1.27,0,1.27,0,1.27,0,1.27
49.8,5.2,0,1.27,0,1.27,0,1.27,0,1.27
49.9,6.7,0,1.27,0,1.27,0,1.27,0,1.27
55.0,6.1,0,1.27,0,1.27,0,1.27,0,1.27
54.0,6.2,0,1.27,0,1.27,0,1.27,2,5.01
51.9,7.4,7,2.91,4,3.96,3,5.67,31,9.39
54.1,11.2,2,8.67,0,10.14,44,10.97,6,9.39
93.1,11.6,0,9.87,0,10.14,14,10.97,17,9.39
12.3,12.0,0,9.87,0,10.14,49,10.97,26,9.39
96.1,12.4,0,9.87,0,10.14,37,10.97,19,9.39
56.7,12.7,32,12.86,33,13.01,61,10.97,36,9.39
61.5,12.9,54,12.86,25,13.01,38,10.97,3,9.39
59.0,12.7,35,12.86,16,13.01,33,10.97,18,9.39
46.8,12.7,74,12.86,73,13.01,69,10.97,36,9.39
60.6,13.7,89,12.86,0,13.03,66,10.97,30,9.39
83.4,12.7,74,12.86,0,13.03,65,10.97,30,9.39
54.1,14.2,0,12.86,0,13.03,52,10.97,33,9.39
9.3,13.3,0,12.86,72,13.03,53,10.97,35,9.39
40.3,13.8,71,12.86,85,13.03,79,10.97,27,9.39
48.3,12.7,57,12.86,51,13.03,47,10.97,23,9.39
46.2,10.9,78,12.86,0,1.27,67,10.97,22,9.39
27.0,12.7,95,12.86,0,1.27,62,10.97,33,9.39
8.4,10.7,0,12.86,0,1.27,64,10.97,31,9.39
5.2,10.4,0,12.86,6,3.16,66,10.97,34,9.39
51.7,12.1,0,12.86,3,9.38,68,10.97,20,9.39
33.1,12.2,90,12.86,28,9.38,45,10.97,30,9.39
7.9,13.1,83,12.86,32,9.38,0,1.27,0,1.27
9.9,9.5,94,12.86,35,9.38,0,1.27,0,1.27
49.1,9.3,82,12.86,20,9.38,0,1.27,0,2.63
18.7,9.2,0,12.86,28,9.38,4,5.38,3,7.95
90.7,12.6,0,12.86,35,9.38,0,10.14,35,9.39
54.1,13.0,0,12.86,35,9.38,0,10.14,28,9.39
40.7,12.8,76,12.86,28,9.38,0,10.14,27,9.39
9.1,12.3,80,12.86,0,1.27,67,12.75,34,9.39
18.6,11.5,78,12.86,0,1.27,85,12.75,29,9.39
19.1,11.9,76,12.86,5,6.56,63,12.75,26,9.39
28.1,12.3,0,12.86,0,9.87,79,12.75,21,9.39
40.0,13.7,0,12.86,0,9.87,78,12.75,35,9.39
61.2,13.4,0,12.86,78,12.95,95,12.75,24,9.39
13.4,14.4,85,12.86,76,12.95,79,12.75,32,9.39
49.1,13.3,72,12.86,92,12.95,79,12.75,25,9.39
59.0,13.9,91,12.86,0,12.97,64,12.75,24,9.39
59.5,14.0,88,12.86,0,12.97,72,12.75,29,9.39
56.3,12.2,33,1.27,0,12.97,88,12.75,29,9.39
58.5,12.1,0,1.27,73,12.97,74,12.75,32,9.39
32.5,11.3,0,1.27,92,12.97,84,12.75,26,9.39
55.2,12.9,7,5.45,33,1.27,74,12.75,20,9.39
5.0,11.7,0,10.14,0,1.27,0,12.75,35,9.39
25.1,11.6,0,10.14,0,1.27,0,12.75,36,9.39
73.3,12.2,0,10.14,6,7.28,0,12.75,29,9.39
92.3,13.8,63,12.84,4,9.43,89,12.75,30,9.39
89.0,12.8,27,12.84,9,9.43,62,12.75,32,9.39
70.2,14.6,81,12.84,6,9.43,59,12.75,33,9.39
50.7,13.0,68,12.84,4,9.43,87,12.75,27,9.39
70.2,14.3,83,12.84,3,9.43,64,12.75,20,9.39
54.4,14.1,87,12.84,4,9.43,60,12.75,33,9.39
54.9,13.3,88,12.84,2,9.43,78,12.75,29,9.39
22.5,13.0,85,12.84,9,9.43,92,12.75,30,9.39
94.0,13.2,0,12.84,3,9.43,92,12.75,25,9.39
77.0,12.4,0,12.84,7,9.43,65,12.75,21,9.39
77.4,12.8,0,12.84,9,9.43,69,12.75,35,9.39
45.5,13.1,79,12.84,0,1.27,87,12.75,27,9.39
57.3,11.7,65,12.84,0,2.59,96,12.75,27,9.39
13.3,14.0,91,12.84,4,8.96,56,12.75,37,9.39
46.3,12.7,64,12.84,0,9.87,85,12.75,25,9.39
55.9,12.9,74,12.84,0,9.87,0,1.27,37,9.39
54.7,11.7,77,12.84,77,12.95,0,1.27,0,1.27
32.2,9.8,47,12.84,89,12.95,0,1.27,0,1.27
42.2,10.4,48,12.84,93,12.95,5,6.47,3,6.79
53.5,12.7,0,12.84,0,12.97,0,10.14,7,9.44
74.7,13.1,0,12.84,0,12.97,0,10.14,4,9.44
56.1,14.6,0,12.84,0,12.97,0,10.14,7,9.44
39.4,14.5,90,12.84,68,12.97,72,12.75,9,9.44
96.7,13.8,53,12.84,56,12.97,66,12.75,3,9.44
53.8,13.5,65,12.84,76,12.97,78,12.75,3,9.44
21.6,13.1,78,12.84,0,12.97,91,12.75,11,9.44
69.3,13.2,74,12.84,0,12.97,86,12.75,6,9.44
9.7,13.5,46,12.84,0,12.97,78,12.75,2,9.44
52.7,13.4,44,12.84,93,12.97,75,12.75,27,1.27
18.3,12.8,79,12.84,96,12.97,86,12.75,0,1.27
61.5,12.6,0,12.78,0,12.97,85,12.75,0,1.27
56.2,10.9,0,1.27,0,12.97,85,12.75,0,1.27
24.0,12.3,3,4.06,0,12.97,75,12.75,3,7.64
10.3,13.1,0,10.14,92,12.97,82,12.75,5,9.34
96.6,13.3,0,10.14,42,12.97,75,12.75,10,9.34
56.4,13.4,0,10.14,65,12.97,86,12.75,5,9.34
50.9,13.6,59,12.87,0,1.27,0,12.75,6,9.34
88.9,10.7,77,12.87,0,1.27,0,12.75,9,9.34
77.9,12.1,85,12.87,0,1.27,0,12.75,5,9.34
69.4,11.5,70,12.87,1,1.27,57,12.75,1,9.34
90.4,12.6,72,12.87,4,3.57,93,12.75,2,9.34
96.7,13.9,0,12.87,1,8.05,80,12.75,7,9.34
10.2,13.7,0,12.87,19,9.38,75,12.75,6,9.34
59.8,12.7,85,12.87,33,9.38,71,12.75,0,1.27
18.8,11.3,75,12.87,29,9.38,80,12.75,0,1.27
13.3,11.3,85,12.87,21,9.38,93,12.75,0,2.29
13.0,12.2,64,12.87,23,9.38,78,12.75,4,8.67
58.2,13.5,90,12.87,33,9.38,65,12.75,0,10.15
31.9,12.8,0,12.87,34,9.38,80,12.75,0,10.15
56.6,13.7,0,12.87,30,9.38,64,12.75,85,13.02
19.4,15.2,90,12.87,30,9.38,31,12.75,93,13.02
30.2,13.4,83,12.87,33,9.38,91,12.75,96,13.02
29.1,13.5,74,12.87,8,9.38,90,12.75,0,13.04
43.8,13.3,82,12.87,25,9.38,91,12.75,0,13.04
89.6,13.0,66,12.87,19,9.38,0,1.27,44,13.04
31.9,9.0,0,1.27,34,9.38,0,1.27,76,13.04
55.4,11.3,0,1.27,31,9.38,1,1.27,69,13.04
40.1,10.0,0,1.27,29,9.38,0,1.27,0,13.04
48.5,11.5,3,6.19,31,9.38,0,1.27,0,13.04
5.3,12.8,89,13.77,31,9.38,0,1.27,0,13.04
30.7,12.3,89,13.77,34,9.38,0,1.27,88,13.04
47.1,12.7,82,13.77,26,9.38,0,1.27,81,13.04
49.7,12.9,76,13.77,6,9.38,6,3.63,95,13.04
9.7,14.1,82,13.77,19,9.38,1,7.16,9,13.04
16.3,13.7,41,13.77,32,9.38,0,16.52,0,13.04
53.9,13.5,14,13.77,28,9.38,94,16.52,0,13.04
5.1,15.4,89,13.77,31,9.38,34,16.52,0,13.04
54.0,13.8,58,13.77,26,9.38,94,16.52,97,13.04
58.3,14.8,84,13.77,28,9.38,98,16.52,71,13.04
8.6,12.7,0,1.27,20,9.38,90,16.52,37,13.04
55.1,12.4,0,1.27,20,9.38,96,16.52,0,13.04
39.0,12.5,4,4.09,17,9.38,26,16.52,0,13.04
54.3,13.3,4,8.05,4,9.38,94,16.52,0,13.04
5.2,14.8,32,9.38,26,9.38,47,16.52,8,13.04
55.2,13.8,18,9.38,8,9.38,49,16.52,63,13.04
58.8,14.5,32,9.38,21,9.38,97,16.52,21,13.04
55.7,13.8,28,9.38,14,9.38,58,16.52,53,13.04
36.8,13.8,32,9.38,32,9.38,97,16.52,78,13.04
43.2,15.4,30,9.38,30,9.38,95,16.52,0,1.27
53.1,10.1,23,9.38,0,1.27,97,16.52,0,1.27
13.8,10.3,35,9.38,0,1.27,96,16.52,0,1.27
54.1,12.4,28,9.38,0,1.27,85,16.52,0,1.32
52.7,10.9,30,9.38,4,5.27,96,16.52,4,8.67
54.1,11.9,6,1.27,0,9.87,75,16.52,0,9.88
80.4,12.8,0,1.27,0,9.87,95,16.52,0,9.88
54.1,13.9,0,1.27,0,9.87,91,16.52,72,12.82
58.2,13.9,0,1.27,96,12.86,96,16.52,46,12.82
59.9,14.1,0,1.27,35,12.86,88,16.52,64,12.82
9.5,15.5,0,1.27,69,12.86,73,16.52,38,12.82
58.2,14.5,0,1.27,34,12.86,97,16.52,77,12.82
10.0,15.3,0,1.27,35,12.86,74,16.52,76,12.82
44.2,15.2,0,1.27,0,12.86,96,16.52,80,12.82
6.6,16.9,4,5.37,0,12.86,94,16.52,45,12.82
57.0,16.3,0,9.51,0,12.86,95,16.52,73,12.82
28.6,16.6,95,16.52,85,12.86,54,16.52,32,12.82
58.6,16.3,37,16.52,33,12.86,44,16.52,0,12.82
59.7,16.6,97,16.52,94,12.86,88,16.52,0,12.82
57.4,15.9,74,16.52,34,12.86,84,16.52,0,12.82
51.4,16.4,60,16.52,89,12.86,0,1.27,0,12.82
57.9,12.9,60,16.52,45,12.86,0,1.27,62,12.82
13.6,13.0,57,16.52,0,1.27,0,1.27,89,12.82
30.7,12.3,98,16.52,0,1.27,5,6.58,43,12.82
55.3,12.3,95,16.52,0,1.27,0,9.87,62,12.82
43.4,12.7,97,16.52,0,1.27,0,9.87,90,12.82
14.2,13.9,97,16.52,2,6.54,0,9.87,28,12.82
59.1,14.5,50,16.52,0,9.87,68,12.95,21,12.82
32.0,15.0,97,16.52,0,9.87,81,12.95,46,12.82
61.0,14.8,33,16.52,0,9.87,63,12.95,54,12.82
39.5,15.0,97,16.52,29,12.86,0,12.97,0,1.27
7.0,12.7,38,16.52,40,12.86,0,12.97,0,1.27
56.4,12.8,50,16.52,57,12.86,0,12.97,0,1.27
61.4,14.2,89,16.52,89,12.86,96,12.97,4,5.96
44.6,15.5,97,16.52,78,12.86,86,12.97,0,10.77
11.2,14.9,97,16.52,0,12.86,0,12.97,0,10.77
40.0,14.3,96,16.52,0,12.86,0,12.97,0,10.77
37.8,14.7,44,16.52,0,12.86,0,12.97,69,12.89
56.7,17.2,97,16.52,88,12.86,77,12.97,63,12.89
63.1,16.6,94,16.52,85,12.86,24,12.97,77,12.89
14.6,16.2,96,16.52,62,12.86,79,12.97,86,12.89
22.5,14.8,86,16.52,76,12.86,0,12.97,82,12.89
6.8,15.1,87,16.52,0,12.86,0,12.97,87,12.89
62.8,14.8,94,16.52,0,12.86,75,12.97,77,12.89
57.5,16.4,91,16.52,0,12.86,39,12.97,0,12.89
11.8,15.7,98,16.52,76,12.86,78,12.97,0,12.89
50.7,15.8,97,16.52,85,12.86,0,12.97,0,12.89
70.4,15.1,98,16.52,35,12.86,0,12.97,62,12.89
33.1,15.1,97,16.52,77,12.86,0,12.97,73,12.89
13.6,11.7,0,1.27,0,12.86,94,12.97,83,12.89
90.8,11.4,0,1.27,0,12.86,85,12.97,87,12.89
58.9,12.4,0,1.27,0,12.86,0,12.97,77,12.89
59.2,11.7,0,1.27,95,12.86,0,12.97,26,12.89
10.0,12.3,5,6.42,86,12.86,0,12.97,72,12.89
43.9,15.5,0,10.14,63,12.86,49,12.97,94,12.89
26.3,13.9,0,10.14,91,12.86,93,12.97,0,12.89
12.6,13.4,0,10.14,0,12.86,73,12.97,0,12.89
83.9,13.7,84,12.87,0,12.86,0,12.97,0,12.89
14.2,13.4,76,12.87,0,12.86,0,12.97,74,12.89
52.7,14.8,71,12.87,72,12.86,0,12.97,55,12.89
17.8,13.9,65,12.87,75,12.86,80,12.97,84,12.89
61.0,13.4,0,12.87,92,12.86,89,12.97,19,12.89
57.0,14.1,0,12.87,89,12.86,0,12.97,83,12.89
57.8,14.7,0,12.87,0,12.86,0,12.97,70,12.89
21.5,14.5,84,12.87,0,12.86,0,12.97,77,12.89
58.1,14.8,91,12.87,0,12.86,43,12.97,0,12.89
15.3,13.6,80,12.87,79,12.86,62,12.97,0,12.89
58.5,13.9,80,12.87,60,12.86,76,12.97,0,12.89
25.7,14.1,72,12.87,75,12.86,0,1.27,83,12.89
54.5,12.3,0,12.87,85,12.86,0,1.27,81,12.89
14.0,11.5,0,12.87,1,1.27,0,1.27,76,12.89
18.1,9.9,0,12.87,0,1.27,0,1.31,86,12.89
57.9,10.4,78,12.87,0,1.27,4,7.7,57,12.89
57.0,12.3,74,12.87,0,1.27,0,9.87,86,12.89
58.8,12.3,72,12.87,0,1.31,0,9.87,77,12.89
11.5,14.4,94,12.87,4,7.76,15,12.73,89,12.89
34.5,13.9,0,12.87,6,9.33,67,12.73,0,12.89
98.0,13.0,0,12.87,3,9.33,79,12.73,0,12.89
90.2,13.3,0,12.87,3,9.33,70,12.73,74,12.89
30.4,13.4,66,12.87,7,9.33,87,12.73,72,12.89
32.4,13.7,35,12.87,4,9.33,78,12.73,78,12.89
77.6,13.4,20,12.87,6,9.33,75,12.73,74,12.89
51.3,13.6,82,12.87,9,9.33,68,12.73,65,12.89
50.7,15.0,77,12.87,6,9.34,67,12.73,58,12.89
88.2,13.4,0,12.87,4,9.34,78,12.73,79,12.89
84.8,15.0,0,12.87,4,9.34,67,12.73,72,12.89
11.4,15.1,0,12.87,4,9.34,78,12.73,32,1.27
19.9,12.2,73,12.87,4,9.34,83,12.73,0,1.27
15.4,10.4,81,12.87,0,1.27,80,12.73,0,1.27
22.6,9.9,86,12.87,0,1.27,71,12.73,0,1.27
14.9,10.1,72,12.87,0,1.27,88,12.73,1,1.27
57.5,11.1,90,12.87,0,1.27,92,12.73,4,6.94
5.7,12.5,0,12.87,0,1.27,93,12.73,0,10.15
5.9,12.3,0,12.87,0,1.27,77,12.73,0,10.15
73.9,13.1,65,12.87,0,1.27,88,12.73,0,13.02
46.9,14.0,75,12.87,0,1.27,93,12.73,84,13.02
43.0,16.2,90,12.87,0,1.27,73,12.73,61,13.02
19.6,16.5,77,12.87,5,6.82,18,12.73,0,13.04
8.4,15.9,89,12.87,6,16.52,60,12.73,0,13.04
5.6,14.4,0,12.87,96,16.52,64,12.73,0,13.04
72.1,15.1,0,12.87,91,16.52,89,12.73,96,13.04
59.3,16.0,0,12.87,82,16.52,65,12.73,89,13.04
13.5,15.4,57,12.87,89,16.52,80,12.73,63,13.04
55.7,15.3,60,12.87,98,16.52,0,12.73,0,13.04
76.2,14.3,78,12.87,98,16.52,0,12.73,0,13.04
71.0,15.7,68,12.87,95,16.52,0,12.73,87,13.04
51.8,16.0,0,12.87,96,16.52,35,12.73,90,13.04
10.4,15.9,0,12.87,97,16.52,65,12.73,93,13.04
74.8,15.6,0,12.87,29,16.52,90,12.73,0,13.04
20.3,14.8,86,12.87,95,16.52,93,12.73,0,13.04
20.0,16.5,80,12.87,96,16.52,81,12.73,88,13.04
60.0,15.1,29,12.87,97,16.52,77,12.73,52,13.04
13.0,15.1,71,12.87,95,16.52,70,12.73,82,13.04
19.6,17.0,0,1.27,93,16.52,70,12.73,0,13.04
5.1,12.9,0,1.27,98,16.52,75,12.73,0,13.04
5.9,12.8,0,1.27,96,16.52,82,12.73,0,13.04
18.8,13.6,4,3.87,50,16.52,89,12.73,67,13.04
54.7,15.0,9,9.87,94,16.52,90,12.73,81,13.04
55.9,14.7,0,9.87,94,16.52,90,12.73,18,13.04
54.9,15.3,0,9.87,96,16.52,82,12.73,0,13.04
70.8,14.8,54,12.81,98,16.52,77,12.73,0,13.04
46.6,15.6,75,12.81,98,16.52,89,12.73,74,13.04
59.9,16.2,72,12.81,97,16.52,64,12.73,72,13.04
11.8,16.8,95,12.81,96,16.52,85,12.73,85,13.04
9.6,14.4,82,12.81,96,16.52,80,12.73,0,1.27
16.4,13.2,65,12.81,94,16.52,80,12.73,0,1.27
13.3,13.2,75,12.81,98,16.52,94,12.73,1,2.85
9.5,14.1,32,12.81,93,16.52,80,12.73,1,10.15
20.0,14.7,0,12.81,96,16.52,88,12.73,0,10.15
19.2,14.4,0,12.81,93,16.52,82,12.73,0,10.15
74.2,14.9,0,12.81,92,16.52,79,12.73,39,12.76
48.0,15.3,74,12.81,98,16.45,81,12.73,71,12.76
50.9,12.8,70,12.81,0,1.27,0,1.27,90,12.76
47.8,10.6,88,12.81,0,1.27,0,1.27,94,12.76
98.0,9.7,21,12.81,0,1.27,0,1.27,87,12.76
38.6,12.3,85,12.81,3,3.51,2,3.79,53,12.76
57.0,11.6,29,12.81,5,8.96,2,8.06,85,12.76
39.2,13.9,92,12.81,0,10.14,7,9.34,15,12.76
55.4,13.0,21,12.81,0,10.14,5,9.34,75,12.76
43.6,13.7,82,12.81,0,12.74,4,9.34,24,12.76
68.3,13.4,34,12.81,60,12.74,7,9.34,85,12.76
84.2,13.4,0,12.81,72,12.74,3,9.34,68,12.76
86.7,13.1,0,12.81,40,12.74,3,9.34,48,12.76
62.9,13.2,0,12.81,71,12.74,7,9.34,66,12.76
86.3,13.3,20,12.81,58,12.74,3,9.34,33,12.76
83.0,13.4,27,12.81,59,12.74,6,9.34,51,12.76
26.0,13.6,81,12.81,38,12.74,3,9.34,48,12.76
87.5,13.3,28,12.81,88,12.74,0,1.27,87,12.76
23.8,12.1,76,12.81,53,12.74,0,1.27,23,12.76
57.4,11.7,19,12.81,46,12.74,0,1.27,88,12.76
57.8,12.9,78,12.81,86,12.74,0,1.27,88,12.76
22.4,13.3,81,12.81,90,12.74,1,1.27,0,12.76
15.9,12.0,53,12.81,86,12.74,0,1.27,0,12.76
57.4,12.7,48,12.81,62,12.74,0,1.27,0,12.76
14.4,13.6,70,12.81,35,12.74,0,1.27,68,12.76
23.3,13.7,0,1.27,61,12.74,0,1.27,31,12.76
74.5,12.1,0,1.27,86,12.74,4,2.96,73,12.76
6.6,13.5,2,5.98,86,12.74,6,9.51,80,12.76
55.8,14.7,0,10.14,56,12.74,88,16.52,71,12.76
56.0,16.0,0,10.14,78,12.74,92,16.52,22,12.76
57.5,15.0,0,12.75,68,12.74,24,16.52,95,12.76
8.2,16.2,81,12.75,71,12.74,21,16.52,21,12.76
57.5,15.0,25,12.75,78,12.74,95,16.52,91,12.76
17.6,15.4,83,12.75,60,12.74,65,16.52,37,12.76
30.2,15.0,63,12.75,84,12.74,96,16.52,94,12.76
55.1,16.1,73,12.75,86,12.74,97,16.52,16,12.76
59.2,15.0,38,12.75,59,12.74,87,16.52,19,12.76
57.4,15.0,66,12.75,15,12.74,96,16.52,66,12.76
15.2,15.4,84,12.75,26,12.74,27,16.52,29,12.76
59.8,15.0,22,12.75,70,12.74,54,16.52,96,12.76
7.7,15.8,88,12.75,80,12.74,50,16.52,12,12.76
57.2,14.4,20,12.75,0,12.74,74,16.52,31,12.76
56.5,15.4,72,12.75,0,12.74,97,16.52,33,12.76
56.1,14.8,36,12.75,0,12.74,28,16.52,48,12.76
14.1,15.0,18,12.75,79,12.74,97,16.52,0,12.76
56.0,15.4,91,12.75,88,12.74,98,16.52,0,12.76
57.8,14.8,31,12.75,30,12.74,60,16.52,0,12.76
57.3,14.9,33,12.75,27,12.74,73,16.52,67,12.76
8.4,16.2,96,12.75,80,12.74,22,16.52,20,12.76
57.9,15.0,15,12.75,50,12.74,19,16.52,29,12.76
38.0,15.0,0,12.75,87,12.74,98,16.52,75,12.76
41.0,15.2,0,12.75,25,12.74,0,1.27,24,12.76
86.0,11.5,0,12.75,40,12.74,0,1.27,25,12.76
27.5,11.9,83,12.75,78,12.74,0,1.27,10,12.76
58.2,11.9,44,12.75,45,12.74,0,1.27,36,12.76
43.6,11.9,79,12.75,36,12.74,0,1.27,87,12.76
57.7,12.6,77,12.75,71,12.74,4,6.94,81,12.76
12.0,13.6,62,12.75,76,12.74,85,13.77,79,12.76
52.9,13.2,71,12.75,92,12.74,77,13.77,21,12.76
7.6,13.3,78,12.75,88,12.74,81,13.77,85,12.76
31.0,15.5,96,12.75,81,12.74,80,13.77,78,12.76
8.2,14.4,96,12.75,80,12.74,63,13.77,96,12.76
7.8,13.6,86,12.75,87,12.74,72,13.77,88,12.76
17.4,13.6,80,12.75,17,12.74,89,13.77,68,12.76
15.5,13.6,80,12.75,85,12.74,89,13.77,75,12.76
8.1,13.5,77,12.75,80,12.74,81,13.77,33,1.27
23.0,11.2,69,12.75,91,12.74,76,13.77,0,1.27
40.9,11.6,79,12.75,93,12.74,88,13.77,2,3.36
52.9,10.3,0,1.27,88,12.74,89,13.77,2,9.39
4.9,10.6,0,1.27,92,12.74,72,13.77,34,9.39
5.8,10.9,0,1.27,88,12.74,83,13.77,26,9.39
11.7,10.9,4,3.92,89,12.74,85,13.77,27,9.39
55.5,13.0,0,10.97,89,12.74,83,13.77,32,9.39
54.1,12.4,79,10.97,0,1.27,88,13.77,23,9.39
21.8,12.1,79,10.97,0,1.27,84,13.77,21,9.39
19.3,11.8,65,10.97,0,1.27,87,13.77,24,9.39
5.4,11.4,79,10.97,0,1.27,88,13.77,36,9.39
54.0,11.5,76,10.97,0,1.27,86,13.77,24,9.39
14.0,11.6,70,10.97,0,1.27,89,13.77,21,9.39
14.8,13.4,69,10.97,1,1.27,89,13.77,33,9.39
17.7,12.9,71,10.97,0,1.27,85,13.77,28,9.39
54.6,13.0,18,10.97,5,7.54,89,13.77,19,9.39
26.3,13.7,76,10.97,98,16.52,87,13.77,2,9.39
24.8,13.5,76,10.97,97,16.52,89,13.77,26,9.39
47.7,15.4,61,10.97,98,16.52,70,13.77,35,9.39
5.3,13.6,69,10.97,97,16.52,81,13.77,30,9.39
18.8,13.7,61,10.97,15,16.52,89,13.77,19,9.39
26.5,13.5,68,10.97,89,16.52,89,13.77,30,9.39
5.2,13.8,66,10.97,93,16.52,89,13.77,29,9.39
49.9,13.3,54,10.97,93,16.52,89,13.77,31,9.39
34.3,13.3,56,10.97,98,16.52,89,13.77,28,9.39
37.5,13.6,65,10.97,98,16.52,89,13.77,19,9.39
52.9,14.1,69,10.97,98,16.52,73,13.77,32,9.39
54.1,13.9,78,10.97,0,1.27,79,13.77,29,9.39
16.5,12.1,80,10.97,0,1.27,0,1.27,29,9.39
3.9,10.1,79,10.97,1,3.02,0,1.27,30,9.39
4.1,10.6,79,10.97,2,9.34,0,1.27,33,9.39
7.3,11.1,50,10.97,8,9.34,0,1.27,28,9.39
48.6,10.8,72,10.97,7,9.34,0,5.18,29,9.39
32.0,12.5,72,10.97,6,9.34,0,10.77,31,9.39
51.5,12.8,76,10.97,1,9.34,0,10.77,30,9.39
39.5,13.3,71,10.97,10,9.34,0,10.77,30,9.39
52.5,13.9,73,10.97,8,9.34,67,12.88,25,9.39
23.8,13.3,78,10.97,8,9.34,63,12.88,31,9.39
6.7,13.3,74,10.97,7,9.34,74,12.88,34,9.39
6.9,13.3,76,10.97,6,9.34,59,12.88,34,9.39
8.4,13.2,79,10.97,0,1.27,62,12.88,36,9.39
5.0,10.0,0,1.27,0,1.27,82,12.88,33,9.39
26.2,9.1,0,1.27,0,1.27,28,12.88,22,9.39
8.0,11.0,0,1.27,6,3.11,0,12.88,24,9.39
5.2,12.1,3,6.95,4,10.14,0,12.88,20,9.39
4.8,13.4,0,10.14,0,10.14,0,12.88,19,9.39
4.8,13.9,0,10.14,0,10.14,90,12.88,28,9.39
12.4,13.5,2,13.01,78,13.01,32,12.88,27,9.39
15.9,14.4,86,13.01,89,13.01,52,12.88,22,9.39
16.2,14.7,92,13.01,84,13.01,70,12.88,20,9.39
13.0,14.3,0,13.03,0,13.03,29,12.88,25,9.39
6.7,13.8,0,13.03,0,13.03,90,12.88,35,9.39
12.6,13.0,0,13.03,0,13.03,55,12.88,35,9.39
15.8,14.0,73,13.03,80,13.03,85,12.88,0,1.27
13.0,12.1,89,13.03,82,13.03,0,12.88,0,1.27
38.5,12.5,98,13.03,0,13.03,0,12.88,0,1.27
34.9,12.9,0,13.03,0,13.03,0,12.88,0,1.27
80.3,13.7,0,13.03,0,13.03,48,12.88,3,6.98
43.6,14.6,0,13.03,94,13.03,31,12.88,0,9.88
15.9,14.5,97,13.03,86,13.03,36,12.88,0,9.88
15.4,14.8,88,13.03,75,13.03,71,12.88,0,9.88
30.6,13.2,0,13.03,0,13.03,89,12.88,80,12.79
47.9,13.2,0,13.03,0,13.03,61,12.88,92,12.79
23.7,13.8,0,13.03,0,13.03,70,12.88,87,12.79
66.6,14.5,75,13.03,73,13.03,0,12.88,87,12.79
56.9,13.7,87,13.03,82,13.03,0,12.88,95,12.79
30.6,13.8,0,13.03,0,13.03,0,12.88,96,12.79
43.9,13.0,0,13.03,0,13.03,28,12.88,76,12.79
8.4,14.6,0,13.03,0,13.03,34,12.88,82,12.79
17.5,15.0,89,13.03,89,13.03,22,12.88,74,12.79
16.7,15.0,85,13.03,48,13.03,38,12.88,92,12.79
16.4,15.0,81,13.03,72,13.03,74,12.88,91,12.79
21.5,12.9,0,13.03,0,13.03,28,12.88,83,12.79
8.2,14.4,0,13.03,0,13.03,52,12.88,76,12.79
7.6,14.9,0,13.03,0,13.03,10,12.88,75,12.79
16.7,15.0,89,13.03,72,13.03,0,12.88,69,12.79
15.0,14.5,89,13.03,73,13.03,0,12.88,0,12.79
39.6,13.0,0,13.03,0,13.03,0,12.88,0,12.79
46.6,14.8,0,13.03,0,13.03,86,12.88,0,12.79
20.6,15.5,0,13.03,0,13.03,47,12.88,60,12.79
17.0,15.5,89,13.03,87,13.03,22,12.88,69,12.79
16.5,15.0,94,13.03,75,13.03,77,12.88,93,12.79
22.8,13.9,21,13.03,69,13.03,13,12.88,62,12.79
14.0,14.1,0,13.03,0,13.03,59,12.88,69,12.79
67.3,15.4,0,13.03,0,13.03,49,12.88,76,12.79
43.2,15.9,94,13.03,90,13.03,0,12.88,70,12.79
63.5,13.5,89,13.03,94,13.03,0,1.27,76,12.79
26.4,12.8,82,13.03,89,13.03,0,1.27,86,12.79
49.4,12.1,0,13.03,0,13.03,0,1.27,17,12.79
8.2,11.4,0,13.03,0,13.03,5,3.97,56,12.79
76.0,13.4,0,13.03,92,13.03,0,10.14,80,12.79
64.7,14.3,75,13.03,81,13.03,0,10.14,80,12.79
63.8,14.3,75,13.03,82,13.03,0,10.14,61,12.79
64.6,13.4,80,13.03,0,13.03,76,12.87,30,12.79
54.0,12.3,0,1.27,0,13.03,62,12.87,0,1.27
48.6,10.0,0,1.27,0,13.03,81,12.87,0,1.27
28.3,10.2,3,4.57,97,13.03,81,12.87,0,1.27
35.2,12.6,83,13.76,90,13.03,37,12.87,3,4.03
62.9,11.3,77,13.76,4,13.03,0,12.87,4,7.47
56.7,12.0,68,13.76,0,1.27,0,12.87,10,9.39
52.9,10.5,79,13.76,0,1.27,31,12.87,11,9.39
52.0,11.5,88,13.76,0,1.27,84,12.87,4,9.39
58.1,10.5,78,13.76,0,1.27,44,12.87,15,9.39
48.9,11.6,84,13.76,0,1.27,81,12.87,6,9.39
55.4,11.1,53,13.76,1,4.09,24,12.87,32,9.39
44.5,12.4,81,13.76,4,10.14,85,12.87,31,9.39
28.8,12.3,75,13.76,0,10.14,0,12.87,6,9.39
54.0,12.1,59,13.76,0,10.14,0,12.87,4,9.39
47.3,12.4,82,13.76,83,12.87,0,12.87,30,9.39
45.4,13.1,85,13.76,29,12.87,23,12.87,21,9.39
60.2,12.6,72,13.76,37,12.87,26,12.87,35,9.39
10.3,13.8,89,13.76,79,12.87,32,12.87,25,9.39
60.2,12.6,26,13.76,23,12.87,36,12.87,21,9.39
21.6,12.6,10,13.76,88,12.87,91,12.87,34,9.39
59.2,12.6,24,13.76,0,12.87,23,12.87,24,9.39
55.8,12.1,21,13.76,0,12.87,0,12.87,33,9.39
54.0,12.4,83,13.76,0,12.87,0,12.87,35,9.39
26.1,13.1,88,13.76,9,12.87,0,12.87,30,9.39
53.1,13.3,89,13.76,90,12.87,76,12.87,20,9.39
56.8,12.7,69,13.76,16,12.87,83,12.87,30,9.39
22.9,13.1,82,13.76,33,12.87,51,12.87,33,9.39
60.8,14.4,90,13.76,67,12.87,84,12.87,21,9.39
58.9,12.7,66,13.76,66,12.87,85,12.87,31,9.39
30.6,14.0,89,13.76,0,12.87,0,12.87,28,9.39
38.5,12.4,88,13.76,0,12.87,0,12.87,9,9.39
45.0,12.4,84,13.76,0,12.87,0,12.87,30,9.39
59.7,13.3,89,13.76,37,12.87,31,12.87,24,9.39
44.7,12.7,82,13.76,77,12.87,92,12.87,36,9.39
55.3,13.8,27,13.76,33,12.87,44,12.87,23,9.39
59.6,12.8,69,13.76,87,12.87,67,12.87,34,9.39
62.9,12.7,18,13.76,35,12.87,56,12.87,32,9.39
49.5,13.1,82,13.76,0,12.87,0,12.8,28,9.39
53.0,10.9,84,13.76,0,12.87,0,1.27,6,9.39
52.7,10.4,44,13.76,0,12.87,0,1.27,23,9.39
33.0,10.5,48,13.76,95,12.87,0,1.27,34,9.39
61.7,11.6,0,13.69,40,12.87,0,1.27,6,9.39
55.2,9.2,0,1.27,55,12.87,0,4.24,30,9.39
7.8,10.9,0,1.27,87,12.87,41,10.97,24,9.39
56.6,10.8,0,1.27,23,12.87,37,10.97,32,9.39
53.1,11.5,2,4.73,96,12.87,74,10.97,10,9.39
54.9,11.4,0,9.87,21,1.27,21,10.97,8,9.39
50.8,10.0,0,9.87,0,1.27,77,10.97,33,9.39
52.9,11.2,0,9.87,0,1.27,70,10.97,35,9.39
22.0,11.2,73,12.86,0,2.64,11,10.97,24,9.39
55.9,11.2,18,12.86,2,5.32,11,10.97,18,9.39
25.7,11.9,14,12.86,1,10.14,68,10.97,33,9.39
8.3,12.6,19,12.86,0,10.14,16,10.97,9,9.39
57.0,12.5,19,12.86,0,10.14,59,10.97,26,9.39
46.9,13.6,87,12.86,95,12.75,78,10.97,0,1.27
56.9,11.1,19,12.86,19,12.75,29,10.97,0,1.27
57.0,11.1,19,12.86,15,12.75,39,10.97,0,1.27
57.9,13.3,0,12.86,67,12.75,65,10.97,1,2.33
55.6,11.2,0,12.86,26,12.75,43,10.97,2,5.36
54.9,11.9,0,12.86,67,12.75,67,10.97,0,10.15
47.4,13.7,0,12.86,84,12.75,52,10.97,0,10.15
21.1,13.5,93,12.86,64,12.75,53,10.97,0,10.15
45.6,13.7,85,12.86,71,12.75,58,10.97,83,12.87
27.2,13.8,90,12.86,65,12.75,66,10.97,82,12.87
25.4,13.8,56,12.86,39,12.75,52,10.97,83,12.87
61.5,14.1,0,12.86,86,12.75,77,10.97,55,12.87
16.0,13.4,0,12.86,17,12.75,71,10.97,0,12.87
20.1,13.0,0,12.86,64,12.75,72,10.97,0,12.87
58.0,13.8,81,12.86,86,12.75,60,10.97,0,12.87
23.5,13.9,89,12.86,80,12.75,50,10.97,91,12.87
11.0,14.2,81,12.86,89,12.75,67,10.97,90,12.87
59.7,13.5,80,12.86,0,12.75,59,10.97,89,12.87
20.2,13.1,38,12.86,0,12.75,41,10.97,95,12.87
26.7,13.4,0,12.86,45,12.75,54,10.97,0,12.87
56.5,13.7,0,12.86,79,12.75,28,10.97,0,12.87
9.1,14.8,93,12.86,78,12.75,65,10.97,0,12.87
8.6,14.4,83,12.86,91,12.75,33,10.97,81,12.87
11.1,14.7,94,12.86,90,12.75,29,10.97,73,12.87
11.2,14.9,95,12.86,86,12.75,50,10.97,73,12.87
16.0,15.2,87,12.86,71,12.75,45,10.97,74,12.87
35.4,15.0,0,12.86,75,12.75,64,10.97,0,12.81
25.6,14.3,0,12.86,82,12.75,74,10.97,0,1.27
57.3,12.9,92,12.86,93,12.75,73,10.97,0,1.27
53.1,12.4,88,12.86,81,12.75,64,10.97,0,1.27
24.3,11.5,74,12.86,79,12.75,78,10.97,0,1.27
16.9,12.2,80,12.86,94,12.75,66,10.97,0,1.27
8.9,12.3,72,12.86,68,12.75,70,10.97,0,1.27
52.1,12.9,0,12.86,94,12.75,72,10.97,0,1.27
47.8,13.0,0,12.86,0,1.27,34,10.97,0,1.27
54.5,11.3,23,12.86,0,1.27,65,10.97,0,1.5
55.6,12.0,13,12.86,4,5.05,0,1.27,3,7.61
55.5,13.3,83,12.86,32,9.38,0,1.27,97,16.53
7.9,12.5,34,12.86,28,9.38,0,1.27,98,16.53
40.2,13.6,71,12.86,35,9.38,4,5.82,97,16.53
60.2,14.3,0,12.86,28,9.38,0,9.87,98,16.53
11.1,13.9,0,12.86,2,9.38,0,9.87,98,16.53
37.9,15.3,0,12.86,32,9.38,0,9.87,94,16.53
19.1,14.9,75,12.86,32,9.38,90,12.86,93,16.53
18.7,14.9,84,12.86,30,9.38,83,12.86,97,16.53
18.8,14.9,92,12.86,10,9.38,77,12.86,97,16.53
22.2,14.9,74,12.86,13,9.38,84,12.86,89,16.53
39.5,14.2,0,12.86,32,9.38,0,12.86,98,16.53
17.6,14.2,0,12.86,25,9.38,0,12.86,95,16.53
57.7,14.7,0,12.86,0,1.27,0,12.86,97,16.53
15.1,13.4,72,12.86,0,1.27,77,12.86,92,16.53
21.2,13.4,51,12.86,0,1.27,81,12.86,98,16.53
10.2,13.4,79,12.86,0,1.27,81,12.86,97,16.53
26.5,14.0,52,12.86,3,5.36,87,12.86,98,16.53
13.9,15.0,0,12.79,0,10.77,0,12.86,97,16.53
21.8,12.3,0,1.27,0,10.77,0,12.86,98,16.53
9.8,13.6,0,1.27,0,12.75,0,12.86,97,16.53
8.0,14.1,0,1.27,81,12.75,92,12.86,95,16.53
8.3,13.2,3,3.58,85,12.75,16,12.86,97,16.53
8.3,15.5,2,9.38,93,12.75,47,12.86,98,16.53
8.5,15.6,30,9.38,84,12.75,20,12.86,98,16.53
8.4,15.6,25,9.38,90,12.75,0,12.86,83,16.53
5.6,15.1,33,9.38,84,12.75,0,12.86,98,16.53
55.6,15.0,27,9.38,84,12.75,0,12.86,98,16.53
53.8,14.9,31,9.38,87,12.75,83,12.86,98,16.53
51.3,14.8,30,9.38,76,12.75,65,12.86,0,1.27
7.3,12.0,29,9.38,87,12.75,32,12.86,0,1.27
11.4,13.0,35,9.38,75,12.75,81,12.86,0,1.27
32.0,13.1,34,9.38,91,12.75,0,1.27,0,1.27
53.7,10.9,35,9.38,81,12.75,0,1.27,6,2.92
52.9,10.5,32,9.38,87,12.75,0,1.27,0,8.36
6.0,10.7,30,9.38,83,12.75,0,1.27,55,13.77
38.2,11.6,25,9.38,88,12.75,4,6.8,85,13.77
14.1,12.4,21,9.38,94,12.75,0,10.14,41,13.77
9.4,12.7,34,9.38,86,12.75,0,10.14,58,13.77
35.3,13.3,26,9.38,89,12.75,91,13.01,78,13.77
60.5,13.6,25,9.38,92,12.75,89,13.01,52,13.77
56.5,13.6,31,9.38,94,12.75,78,13.01,85,13.77
39.5,12.9,24,9.38,87,12.75,0,13.03,16,13.77
24.0,12.9,27,9.38,89,12.75,0,13.03,40,13.77
28.0,12.9,29,9.38,92,12.75,0,13.03,85,13.77
40.0,11.2,0,1.27,85,12.75,89,13.03,74,13.77
10.4,11.4,0,1.27,79,12.75,96,13.03,85,13.77
38.6,12.0,3,4.09,0,12.75,0,13.03,89,13.77
26.9,12.2,32,9.38,0,12.75,0,13.03,81,13.77
10.7,12.8,26,9.38,72,12.75,0,13.03,89,13.77
12.6,13.1,30,9.38,61,12.75,65,13.03,81,13.77
24.4,13.1,30,9.38,51,12.75,75,13.03,82,13.77
10.2,12.7,28,9.38,79,12.75,88,13.03,84,13.77
17.8,12.5,28,9.38,64,12.75,0,13.03,0,1.27
30.3,11.2,30,9.38,77,12.75,0,13.03,0,1.27
58.6,11.9,32,9.38,81,12.75,90,13.03,4,4.74
22.9,12.1,26,9.38,82,12.75,89,13.03,0,9.88
70.2,12.8,24,9.38,87,12.75,87,13.03,0,9.88
52.3,13.3,25,9.38,87,12.75,0,13.03,0,9.88
24.0,13.1,28,9.38,76,12.75,0,13.03,95,12.95
10.3,13.8,22,9.38,80,12.75,91,13.03,92,12.95
14.4,14.4,22,9.38,79,12.75,21,13.03,61,12.95
15.1,14.5,32,9.38,82,12.75,0,13.03,0,12.97
5.6,12.5,24,9.38,88,12.75,0,13.03,0,12.97
5.9,14.6,34,9.38,86,12.75,0,13.03,61,12.97
18.9,15.1,32,9.38,90,12.75,55,13.03,71,12.97
39.9,15.5,35,9.38,84,12.75,72,13.03,81,12.97
63.1,15.2,35,9.38,85,12.75,0,12.97,0,12.97
54.3,12.8,30,9.38,75,12.75,0,1.27,0,12.97
47.4,11.2,22,9.38,92,12.75,0,1.27,0,12.97
53.6,12.0,32,9.38,93,12.75,0,1.27,85,12.97
25.2,11.2,30,9.38,85,12.75,0,1.27,77,12.97
51.5,11.6,12,9.38,84,12.75,4,7.13,72,12.97
16.1,12.6,24,9.38,83,12.75,0,9.87,0,12.97
19.7,13.3,17,9.38,89,12.75,0,9.87,0,12.97
24.7,11.2,32,9.38,0,1.27,75,12.95,59,12.97
20.4,11.6,33,9.38,0,1.27,72,12.95,89,12.97
87.3,11.9,26,9.38,5,2.95,71,12.95,80,12.97
55.1,13.3,23,9.38,4,8.96,0,12.97,0,12.97
30.8,12.7,11,9.38,0,9.87,0,12.97,0,12.97
5.0,13.0,22,9.38,0,9.87,0,12.97,0,12.97
51.2,14.4,35,9.38,74,12.86,41,12.97,57,12.97
22.8,15.2,33,9.38,85,12.86,67,12.97,87,12.97
65.5,14.9,30,9.38,76,12.86,88,12.97,81,12.97
41.8,15.0,31,9.38,94,12.86,0,12.97,0,12.97
73.0,11.3,22,9.38,36,12.86,0,12.97,0,12.97
18.0,13.2,30,9.38,0,12.86,0,12.97,0,12.97
67.9,11.5,24,9.38,0,12.86,77,12.97,92,12.97
73.8,12.0,34,9.38,0,12.86,13,12.97,21,12.97
54.0,12.1,29,9.38,73,12.86,79,12.97,14,12.97
61.9,12.1,4,9.38,34,12.86,32,12.97,59,12.97
65.9,13.1,21,9.38,81,12.86,0,12.97,0,12.97
57.1,14.4,29,9.38,80,12.86,0,12.97,0,12.97
59.1,12.7,21,9.38,31,12.86,0,12.97,0,12.97
33.5,13.1,13,9.38,96,12.86,73,12.97,25,12.97
59.7,12.7,3,9.38,0,12.86,26,12.97,20,12.97
50.9,12.8,19,9.38,0,12.86,95,12.97,68,12.97
23.6,13.1,18,9.38,0,12.86,14,12.97,26,12.97
58.1,13.2,28,9.38,0,12.86,69,12.97,97,12.97
27.8,13.4,23,9.38,52,12.86,0,12.97,0,12.97
90.1,12.2,23,9.38,22,12.86,0,12.97,0,12.97
25.6,13.7,30,9.38,83,12.86,0,12.97,0,12.97
7.8,13.1,32,9.38,90,12.86,25,12.97,39,12.97
66.9,14.6,28,9.38,0,12.86,45,12.97,37,12.97
27.4,9.6,0,1.27,0,1.27,88,12.97,47,12.97
59.2,9.6,0,1.27,0,1.27,0,12.9,0,12.97
48.3,8.2,0,1.27,0,1.27,0,1.27,0,12.97
21.4,7.8,1,3.13,0,1.27,0,1.27,0,12.97
53.0,9.9,9,10.14,4,6.92,0,1.27,23,12.97
87.1,10.7,0,10.14,70,10.97,0,1.27,87,12.97
56.6,11.2,0,10.14,13,10.97,3,4.31,49,12.97
47.8,12.4,0,10.14,70,10.97,0,10.14,23,12.97
59.0,12.8,20,13.01,70,10.97,0,10.14,0,12.97
9.7,13.3,90,13.01,55,10.97,0,10.14,0,1.27
56.5,11.1,20,13.01,54,10.97,87,12.74,0,1.27
13.7,12.9,94,13.03,79,10.97,90,12.74,0,1.27
55.0,11.0,0,13.03,49,10.97,38,12.74,1,4.14
54.9,11.6,0,13.03,42,10.97,90,12.74,3,9.47
40.3,13.1,0,13.03,48,10.97,15,12.74,5,9.47
56.8,12.7,20,13.03,33,10.97,87,12.74,41,9.47
24.1,12.7,27,13.03,37,10.97,32,12.74,23,9.47
59.6,12.7,29,13.03,63,10.97,91,12.74,36,9.47
45.9,13.7,41,13.03,47,10.97,52,12.74,28,9.47
57.7,12.7,37,13.03,53,10.97,83,12.74,43,9.47
5.6,12.4,0,13.03,75,10.97,76,12.74,41,9.47
81.5,13.7,0,13.03,48,10.97,59,12.74,22,9.47
58.4,12.7,26,13.03,15,10.97,61,12.74,29,9.47
59.7,14.3,89,13.03,57,10.97,27,12.74,15,9.47
58.3,12.7,20,13.03,10,10.97,38,12.74,7,9.47
56.5,12.7,49,13.03,64,10.97,83,12.74,47,9.47
58.2,13.5,0,12.97,17,10.97,27,12.74,16,9.47
55.3,10.5,0,1.27,26,10.97,35,12.74,33,9.47
49.2,10.9,0,1.27,79,10.97,84,12.74,21,9.47
54.8,10.7,0,1.27,42,10.97,47,12.74,23,9.47
53.9,10.9,1,3.32,43,10.97,80,12.74,57,9.47
24.4,13.2,11,10.14,79,10.97,77,12.74,51,9.47
48.5,12.3,0,10.14,76,10.97,88,12.74,38,9.47
9.8,14.3,0,10.14,63,10.97,76,12.74,52,9.47
21.3,12.7,89,13.01,68,10.97,88,12.74,42,9.47
32.9,14.1,96,13.01,78,10.97,83,12.74,42,9.47
43.9,14.9,0,13.03,74,10.97,81,12.74,40,9.47
54.7,12.6,0,13.03,76,10.97,95,12.74,48,9.47
35.9,12.6,0,13.03,73,10.97,78,12.74,41,9.47
10.1,12.9,84,13.03,71,10.97,64,12.74,39,9.47
10.4,13.6,88,13.03,68,10.97,86,12.74,40,9.47
9.4,12.7,0,13.03,70,10.97,82,12.74,32,9.47
88.9,13.6,0,13.03,78,10.97,0,12.74,43,9.47
56.4,13.6,0,13.03,64,10.97,0,12.74,43,9.47
56.6,12.6,95,13.03,40,10.97,48,12.74,41,9.47
9.9,12.9,47,13.03,80,10.97,86,12.74,39,9.47
57.7,14.8,0,13.03,71,10.9,68,12.74,26,9.47
34.9,12.8,0,13.03,0,1.27,79,12.74,48,9.47
54.5,11.4,0,13.03,0,1.27,86,12.74,41,9.47
61.0,11.5,70,13.03,4,4.93,83,12.74,38,9.47
15.3,14.5,96,13.03,0,9.87,77,12.74,52,9.47
63.6,13.3,0,13.03,0,9.87,83,12.74,51,9.47
34.3,13.2,0,13.03,0,9.87,91,12.74,48,9.47
35.6,13.3,0,13.03,86,12.73,62,12.74,41,9.47
10.5,14.4,83,13.03,90,12.73,77,12.74,57,9.47
44.6,13.4,76,13.03,68,12.73,82,12.74,45,9.47
40.6,13.4,72,13.03,93,12.73,87,12.74,35,9.47
8.7,14.8,0,13.03,73,12.73,76,12.74,50,9.47
35.7,14.1,0,13.03,85,12.73,77,12.74,45,9.47
21.9,13.4,81,13.03,77,12.73,82,12.74,43,9.47
53.7,13.4,72,13.03,87,12.73,86,12.74,42,9.47
11.5,14.6,70,13.03,86,12.73,81,12.74,0,1.27
5.3,11.7,0,13.03,73,12.73,78,12.74,0,1.27
14.4,11.5,0,13.03,79,12.73,85,12.74,0,1.27
45.2,12.0,74,13.03,85,12.73,87,12.74,0,1.27
12.0,13.2,89,13.03,77,12.73,83,12.74,4,3.38
11.3,12.5,82,13.03,75,12.73,76,12.74,5,9.33
20.5,13.0,0,13.03,69,12.73,88,12.74,6,9.33
27.6,13.4,0,13.03,86,12.73,71,12.74,2,9.33
81.1,13.6,0,13.03,64,12.73,66,12.74,2,9.33
24.5,14.5,92,13.03,74,12.73,82,12.74,5,9.33
71.5,13.4,88,13.03,82,12.73,0,12.67,2,9.33
32.0,10.8,0,13.03,79,12.73,0,1.27,5,9.33
57.9,11.9,0,13.03,67,12.73,0,1.27,8,9.33
64.8,11.3,0,13.03,86,12.73,0,2.33,8,9.34
23.9,13.2,73,13.03,89,12.73,3,7.72,5,9.34
80.9,14.9,81,13.03,83,12.73,27,9.47,6,9.34
27.5,12.9,77,13.03,66,12.73,48,9.47,2,9.34
92.2,11.7,0,1.27,88,12.73,51,9.47,0,9.34
38.0,10.9,0,1.27,80,12.73,48,9.47,0,1.27
58.3,9.5,3,6.06,0,12.73,40,9.47,0,1.27
45.6,12.6,0,10.14,0,12.73,53,9.47,0,1.27
33.3,11.3,0,10.14,77,12.73,41,9.47,4,6.97
10.7,13.4,84,13.01,72,12.73,37,9.47,0,9.88
51.5,13.1,79,13.01,82,12.73,40,9.47,0,9.88
11.0,14.6,95,13.01,87,12.73,39,9.47,87,12.73
20.0,13.0,0,13.03,90,12.73,40,9.47,87,12.73
6.6,13.2,0,13.03,81,12.73,45,9.47,74,12.73
32.8,13.5,81,13.03,79,12.73,25,9.47,88,12.73
11.2,14.4,96,13.03,71,12.73,35,9.47,87,12.73
59.0,14.4,95,13.03,80,12.73,37,9.47,91,12.73
45.5,14.2,0,13.03,74,12.73,50,9.47,66,12.73
93.6,14.8,0,13.03,87,12.73,34,9.47,88,12.73
59.8,13.4,80,13.03,35,12.73,58,9.47,79,12.73
12.7,13.3,69,13.03,88,12.73,32,9.47,80,12.73
19.4,15.0,91,13.03,89,12.73,52,9.47,73,12.73
6.4,14.4,0,13.03,79,12.73,43,9.47,80,12.73
14.9,13.3,0,13.03,81,12.73,47,9.47,66,12.73
60.7,13.4,84,13.03,91,12.73,39,9.47,80,12.73
60.3,14.0,78,13.03,88,12.73,31,9.47,90,12.73
10.9,13.8,93,13.03,56,12.73,39,9.47,86,12.73
56.7,13.8,0,13.03,66,12.73,41,9.47,69,12.73
45.2,13.2,0,13.03,86,12.73,49,9.47,91,12.73
15.1,13.6,79,13.03,84,12.73,48,9.47,79,12.73
10.7,14.4,88,13.03,83,12.73,31,9.47,88,12.73
24.0,13.4,78,13.03,75,12.73,58,9.47,80,12.73
57.1,12.8,0,13.03,92,12.73,30,9.47,89,12.73
6.3,14.3,0,13.03,87,12.73,45,9.47,82,12.73
10.4,15.1,0,13.03,74,12.73,38,9.47,84,12.73
44.6,12.9,89,13.03,0,1.27,56,9.47,93,12.73
14.4,11.9,81,13.03,0,1.27,53,9.47,84,12.73
26.8,10.7,0,13.03,0,1.27,50,9.47,0,12.73
43.4,10.5,0,13.03,0,1.27,46,9.47,0,12.73
23.8,13.2,0,13.03,5,5.99,43,9.47,0,12.73
97.8,12.8,80,13.03,0,10.14,57,9.47,88,12.73
78.1,14.5,86,13.03,0,10.14,48,9.47,89,12.73
60.3,13.9,83,13.03,0,10.14,48,9.47,77,12.73
49.4,12.8,0,13.03,85,12.74,34,9.47,55,12.73
58.7,13.3,0,13.03,81,12.74,0,1.27,81,12.73
14.8,13.6,96,13.03,72,12.74,0,1.27,81,12.73
24.8,12.3,91,13.03,75,12.74,0,1.27,48,12.73
59.9,11.9,1,13.03,45,12.74,0,1.55,73,12.73
17.7,12.6,63,13.03,38,12.74,2,6.34,18,12.73
53.1,10.9,0,1.27,84,12.74,29,9.38,72,12.73
55.6,11.1,1,1.27,26,12.74,6,9.38,54,12.73
44.4,11.4,0,1.27,75,12.74,28,9.38,35,12.73
56.9,11.2,0,1.27,48,12.74,31,9.38,72,12.73
6.3,12.5,0,3.17,68,12.74,31,9.38,84,12.73
6.6,12.6,5,10.77,81,12.74,14,9.38,39,12.73
83.4,12.9,0,10.77,24,12.74,21,9.38,80,12.73
28.6,15.3,0,10.77,80,12.74,5,9.38,19,12.73
58.4,13.2,29,12.74,46,12.74,4,9.38,79,12.73
57.4,13.7,91,12.74,88,12.74,26,9.38,20,12.73
57.2,13.2,32,12.74,51,12.74,3,9.38,63,12.73
49.8,13.2,55,12.74,86,12.74,35,9.38,87,12.73
59.5,13.2,40,12.74,30,12.74,24,9.38,21,12.73
58.5,13.2,41,12.74,79,12.74,28,9.38,84,12.73
7.4,13.2,79,12.74,75,12.74,33,9.38,88,12.73
40.0,13.6,82,12.74,19,12.74,14,9.38,84,12.73
48.4,13.3,68,12.74,30,12.74,24,9.38,81,12.73
27.2,15.3,69,12.74,79,12.74,21,9.38,62,12.73
45.5,13.6,85,12.74,92,12.74,32,9.38,76,12.73
57.3,13.2,56,12.74,84,12.74,34,9.38,91,12.73
58.0,13.9,83,12.74,88,12.74,33,9.38,54,12.73
57.6,13.2,36,12.74,48,12.74,28,9.38,79,12.73
7.4,14.3,87,12.74,78,12.74,9,9.38,58,12.73
57.4,13.2,29,12.74,52,12.74,34,9.38,0,1.27
42.7,12.0,50,12.74,55,12.74,19,9.38,0,1.27
22.2,11.2,76,12.74,92,12.74,31,9.38,4,2.62
72.8,11.0,0,12.74,21,12.74,27,9.38,2,6.57
65.3,14.3,0,12.74,66,12.74,31,9.38,0,9.88
9.7,14.0,0,12.74,0,12.74,27,9.38,0,9.88
55.2,12.7,33,12.74,0,12.74,31,9.38,0,9.88
8.9,14.9,83,12.74,0,12.74,26,9.38,74,12.95
58.0,13.2,26,12.74,15,12.74,30,9.38,49,12.95
60.7,14.7,83,12.74,85,12.74,8,9.38,23,12.95
61.5,13.2,38,12.74,25,12.74,23,9.38,75,12.95
60.8,14.4,89,12.74,85,12.74,16,9.38,0,12.97
57.3,12.8,19,12.74,16,12.74,28,9.38,0,12.97
56.3,14.9,97,12.74,81,12.74,21,9.38,0,12.97
6.7,14.6,75,12.74,80,12.74,8,9.38,20,12.97
60.2,13.2,35,12.74,14,12.74,19,9.38,79,12.97
17.8,13.3,45,12.74,83,12.74,34,9.38,0,12.97
60.2,13.2,16,12.74,37,12.74,11,9.38,19,12.97
55.1,13.2,75,12.74,69,12.74,22,9.38,0,12.97
21.7,12.9,65,12.74,12,12.74,23,9.38,0,12.97
59.3,12.8,47,12.74,24,12.74,20,9.38,0,12.97
44.1,13.4,91,12.74,91,12.74,30,9.38,0,12.97
56.8,13.2,39,12.74,22,12.74,26,9.38,27,12.97
55.2,13.2,41,12.74,66,12.74,30,9.38,91,12.97
22.8,13.3,73,12.74,80,12.74,27,9.38,88,12.97
32.4,11.4,0,1.27,75,12.74,35,9.38,0,12.97
55.1,10.6,0,1.27,91,12.74,34,9.38,0,12.97
55.1,11.7,0,1.27,89,12.74,33,9.38,0,12.97
5.8,12.8,0,1.27,80,12.74,32,9.38,96,12.97
14.4,12.2,4,7.55,79,12.74,21,9.38,85,12.97
23.6,13.0,10,9.43,74,12.74,32,9.38,0,12.97
65.4,13.3,6,9.43,55,12.74,33,9.38,0,12.97
59.2,12.4,5,9.43,77,12.74,28,9.38,0,12.97
89.9,13.4,7,9.43,70,12.74,27,9.38,80,12.97
59.6,12.9,8,9.43,87,12.74,35,9.38,38,12.97
61.0,13.2,7,9.43,68,12.74,0,1.27,61,12.97
13.6,11.7,0,1.27,72,12.74,0,1.27,0,12.97
4.2,10.2,0,1.27,74,12.74,0,1.27,0,12.97
5.9,9.3,0,1.27,73,12.74,0,1.27,0,12.97
75.9,10.3,0,1.27,35,12.74,0,1.27,67,12.97
16.1,11.4,4,6.36,73,12.74,0,1.27,60,12.97
90.2,12.2,6,9.34,74,12.74,0,1.27,98,12.97
20.3,10.6,8,9.34,0,1.27,0,1.27,0,12.97
72.0,11.5,0,9.34,0,1.27,0,1.27,0,12.97
30.0,11.1,4,9.34,0,1.27,0,1.27,50,12.97
57.3,11.2,0,1.27,1,2.96,6,6.91,79,12.97
9.1,13.4,0,1.27,3,9.59,29,21.12,83,12.97
9.3,12.6,0,1.27,59,10.97,97,21.12,0,12.97
29.2,13.2,7,6.45,58,10.97,93,21.12,0,12.97
81.1,14.4,0,10.14,72,10.97,86,21.12,80,12.97
14.3,15.6,0,10.14,65,10.97,0,1.27,86,12.97
11.4,12.4,83,12.87,47,10.97,0,1.27,0,12.91
47.2,10.2,61,12.87,54,10.97,0,1.27,0,1.27
16.4,9.5,71,12.87,59,10.97,4,5.15,0,1.27
11.6,10.5,74,12.87,63,10.97,5,9.34,0,1.27
24.8,12.3,77,12.87,71,10.97,8,9.34,0,1.27
98.2,11.3,0,12.87,46,10.97,5,9.34,0,1.27
69.4,11.1,0,12.87,74,10.97,2,9.34,0,1.27
14.6,11.8,0,12.87,67,10.97,5,9.34,0,1.27
89.7,14.3,94,12.87,53,10.97,0,1.27,0,1.27
6.8,12.3,80,12.87,68,10.97,0,1.27,0,1.27
7.8,12.0,83,12.87,55,10.97,0,1.27,3,6.02
13.5,13.2,73,12.87,69,10.97,0,1.27,0,16.53
37.1,12.8,0,12.87,70,10.97,0,1.27,91,16.53
7.2,15.1,0,12.87,79,10.97,0,1.27,96,16.53
54.0,16.4,91,12.87,68,10.97,0,1.27,98,16.53
56.8,14.7,48,12.87,56,10.97,0,1.27,98,16.53
26.7,15.8,58,12.87,69,10.97,4,6.95,97,16.53
52.0,18.2,81,12.87,68,10.97,95,21.12,0,1.27
57.1,13.9,95,12.87,57,10.97,86,21.12,0,1.27
10.6,13.9,0,12.87,75,10.97,89,21.12,0,1.27
49.1,13.3,0,12.87,69,10.97,96,21.12,0,1.27
57.2,13.1,85,12.87,72,10.97,88,21.12,3,3.92
56.9,13.3,86,12.87,45,10.97,84,21.12,28,9.39
38.1,14.2,92,12.87,73,10.97,94,21.12,33,9.39
42.2,13.9,36,12.87,75,10.97,89,21.12,32,9.39
58.2,14.9,71,12.87,71,10.97,96,21.12,28,9.39
54.5,14.1,0,12.87,71,10.97,90,21.12,25,9.39
5.4,15.0,0,12.87,64,10.97,92,21.12,29,9.39
56.8,14.3,78,12.87,33,10.97,95,21.12,30,9.39
55.9,15.0,68,12.87,54,10.97,92,21.12,35,9.39
56.0,14.9,87,12.87,66,10.97,95,21.12,21,9.39
55.6,15.0,73,12.87,40,10.97,81,21.12,32,9.39
5.2,14.4,12,1.27,69,10.97,82,21.12,31,9.39
15.2,11.9,0,1.27,66,10.97,0,1.27,29,9.39
52.0,10.5,0,1.27,66,10.97,0,1.27,31,9.39
82.5,9.1,0,1.27,67,10.97,0,1.27,26,9.39
53.9,9.8,3,5.76,62,10.9,0,1.27,30,9.39
40.8,9.5,0,10.14,0,1.27,0,1.27,26,9.39
43.8,10.5,0,10.14,0,1.27,0,1.27,29,9.39
26.1,11.8,0,10.14,3,5.45,0,1.27,26,9.39
58.1,14.7,94,12.84,40,9.47,0,1.27,30,9.39
6.8,13.8,88,12.84,31,9.47,3,7.2,30,9.39
13.0,14.4,65,12.84,33,9.47,82,16.52,25,9.39
7.0,14.5,82,12.84,34,9.47,96,16.52,0,1.27
24.9,12.3,84,12.84,59,9.47,97,16.52,0,1.27
55.1,13.3,82,12.84,53,9.47,97,16.52,0,1.27
15.1,14.5,94,12.84,50,9.47,84,16.52,0,1.27
5.4,13.5,0,12.84,46,9.47,97,16.52,0,1.27
5.2,13.0,0,12.84,56,9.47,97,16.52,0,1.27
23.6,13.8,0,12.84,26,9.47,97,16.52,0,1.27
55.5,15.2,86,12.84,45,9.47,96,16.52,0,1.27
55.7,14.5,73,12.84,43,9.47,95,16.52,0,1.27
7.0,15.0,79,12.84,41,9.47,95,16.52,4,7.01
6.7,17.6,98,12.84,39,9.47,96,16.52,98,16.53
55.7,16.0,75,12.84,32,9.47,96,16.52,96,16.53
17.8,15.7,73,12.84,45,9.47,98,16.52,96,16.53
10.6,15.7,87,12.84,50,9.47,98,16.52,75,16.53
52.4,15.4,0,12.84,55,9.47,96,16.52,96,16.53
48.2,16.6,0,12.84,26,9.47,90,16.52,97,16.53
5.4,16.8,93,12.84,48,9.47,95,16.52,98,16.53
15.4,16.4,76,12.84,28,9.47,0,1.27,0,1.27
20.2,9.3,89,12.84,22,9.47,0,1.27,0,1.27
51.4,9.5,95,12.84,45,9.47,0,1.27,0,1.27
13.9,9.8,61,12.84,37,9.47,0,1.27,3,5.03
32.2,10.5,81,12.84,48,9.47,0,1.27,0,10.15
6.8,13.0,76,12.84,56,9.47,0,1.27,0,10.15
56.0,14.0,78,12.84,46,9.47,0,1.27,0,10.15
5.0,12.1,0,1.27,55,9.47,0,1.27,98,13.02
68.4,11.7,1,1.27,38,9.47,0,1.27,88,13.02
58.6,12.6,1,3.18,42,9.47,6,6.63,0,13.04
39.8,14.6,2,8.11,4,9.47,0,9.51,0,13.04
59.5,13.6,5,9.3,45,9.47,98,16.52,0,13.04
54.1,13.8,10,9.39,6,9.47,95,16.52,0,13.04
76.9,16.2,9,9.39,42,9.47,17,16.52,25,13.04
79.7,14.0,8,9.39,10,9.47,90,16.52,95,13.04
25.4,14.2,7,9.39,21,9.47,23,16.52,37,13.04
87.2,14.0,6,9.39,24,9.47,91,16.52,96,13.04
80.7,14.9,6,9.39,35,9.47,92,16.52,0,13.04
32.8,14.0,6,9.39,3,9.47,18,16.52,0,13.04
78.5,13.8,7,9.39,14,9.47,67,16.52,0,13.04
38.1,15.0,6,9.39,25,9.47,37,16.52,12,13.04
56.6,14.0,5,9.39,5,9.47,28,16.52,27,13.04
96.1,15.2,3,9.39,51,9.47,98,16.52,20,13.04
70.7,14.0,0,9.39,6,9.47,20,16.52,42,13.04
41.2,14.0,10,9.39,38,9.47,95,16.52,85,13.04
87.7,14.0,1,9.39,4,9.47,94,16.52,0,13.04
61.7,13.5,17,9.39,29,9.47,97,16.52,0,13.04
90.5,15.4,3,9.39,40,9.47,98,16.52,0,13.04
33.5,14.2,1,9.39,22,9.47,98,16.52,93,13.04
96.3,14.4,12,9.39,8,9.47,23,16.52,30,13.04
79.6,14.6,5,9.39,34,9.47,97,16.52,42,13.04
72.7,14.0,12,9.39,23,1.27,98,16.52,83,13.04
8.3,11.5,0,1.27,0,1.27,64,16.52,0,13.04
5.3,11.7,0,1.27,0,1.27,97,16.52,0,13.04
16.9,12.4,3,5.07,4,5.67,85,16.52,0,13.04
53.5,13.4,5,10.14,2,7.9,95,16.52,84,13.04
33.2,14.5,0,10.14,0,10.14,88,16.52,20,13.04
87.4,14.5,0,10.14,0,10.14,95,16.52,82,13.04
58.8,14.9,0,10.14,0,10.14,29,16.52,84,13.04
50.6,15.0,45,12.87,86,12.75,98,16.52,0,13.04
59.1,14.5,26,12.87,24,12.75,45,16.52,0,13.04
37.0,15.0,85,12.87,86,12.75,93,16.52,0,13.04
65.5,15.2,71,12.87,93,12.75,94,16.52,0,13.04
64.7,15.1,31,12.87,42,12.75,94,16.52,20,13.04
38.1,15.1,63,12.87,80,12.75,97,16.52,81,13.04
60.8,14.6,0,12.87,13,12.75,25,16.52,15,13.04
55.6,14.6,0,12.87,68,12.75,55,16.52,94,13.04
59.8,13.0,0,12.87,46,12.75,0,1.27,0,13.04
55.2,11.0,0,12.87,27,12.75,0,1.27,0,13.04
53.9,11.6,0,12.87,90,12.75,0,1.27,0,13.04
59.6,11.8,48,12.87,25,12.75,0,1.27,0,13.04
48.0,12.2,52,12.87,22,12.75,0,1.27,85,13.04
46.9,14.0,81,12.87,84,12.75,0,1.27,80,13.04
22.9,13.0,35,12.87,28,12.75,0,1.27,19,13.04
59.3,13.3,23,12.87,36,12.75,0,1.27,77,13.04
53.0,13.8,68,12.87,95,12.75,0,1.27,0,13.04
56.7,12.9,0,12.87,19,12.75,0,1.27,0,13.04
54.1,13.5,0,12.87,12,12.75,3,3.48,0,13.04
86.4,15.8,0,12.87,86,12.75,1,7.99,20,13.04
59.7,15.4,0,12.87,18,12.75,0,9.51,24,13.04
56.9,15.3,37,12.87,54,12.75,0,21.12,86,13.04
13.1,16.2,81,12.87,83,12.75,28,21.12,17,13.04
61.3,15.1,22,12.87,22,12.75,18,21.12,20,13.04
51.0,15.1,78,12.87,0,12.75,92,21.12,0,1.27
33.2,13.8,66,12.87,0,12.75,87,21.12,0,1.27
13.8,13.0,83,12.87,0,12.75,90,21.12,0,1.27
22.9,13.4,0,12.87,78,12.75,90,21.12,5,3.34
41.8,13.4,0,12.87,87,12.75,90,21.12,0,9.88
48.2,15.7,0,12.87,87,12.75,94,21.12,0,9.88
58.5,15.3,84,12.87,71,12.75,93,21.12,0,9.88
12.2,16.9,90,12.87,71,12.75,88,21.12,91,12.73
9.5,15.8,88,12.87,56,12.75,83,21.12,89,12.73
23.7,15.4,79,12.87,54,12.75,94,21.12,90,12.73
56.2,16.5,0,12.87,79,12.75,97,21.12,77,12.73
6.7,14.8,0,12.87,79,12.75,91,21.12,61,12.73
89.8,15.6,0,12.87,71,12.75,86,21.12,62,12.73
60.3,16.7,92,12.87,85,12.75,68,21.12,89,12.73
9.6,16.2,88,12.87,75,12.75,95,21.12,75,12.73
9.7,15.0,87,12.87,91,12.75,87,21.12,91,12.73
20.0,15.4,94,12.87,17,12.75,96,21.12,61,12.73
54.8,13.7,0,1.27,84,12.75,85,21.12,81,12.73
4.7,11.9,0,1.27,0,1.27,0,1.27,77,12.73
3.4,7.7,0,1.27,0,1.27,0,1.27,84,12.73
49.9,7.6,0,1.27,0,1.27,0,1.27,60,12.73
3.8,8.3,4,6.15,0,1.27,0,1.27,65,12.73
3.7,10.5,0,9.87,0,1.27,0,1.27,92,12.73
66.1,10.3,0,9.87,0,1.27,0,1.27,80,12.73
65.1,9.8,0,12.79,0,1.27,0,1.27,86,12.73
21.0,9.8,83,12.79,0,1.27,0,1.27,85,12.73
34.6,9.8,76,12.79,0,1.27,0,1.27,67,12.73
6.5,9.5,37,12.79,0,1.27,0,1.27,76,12.73
44.1,10.6,74,12.79,0,1.27,0,1.27,39,12.73
19.8,9.8,73,12.79,0,1.27,0,1.27,85,12.73
26.7,11.5,96,12.79,0,1.27,0,1.27,94,12.73
4.8,9.6,90,12.79,0,1.27,0,1.27,86,12.73
28.2,9.7,75,12.79,0,1.27,0,1.27,90,12.73
10.7,9.8,77,12.79,0,1.27,0,1.27,90,12.73
53.9,10.5,95,12.79,0,1.27,0,1.27,87,12.73
4.7,9.6,49,12.79,0,1.27,0,1.27,0,12.73
50.6,8.9,49,12.79,0,1.27,0,1.27,0,12.73
22.8,10.4,86,12.79,0,1.27,0,1.27,0,12.73
66.7,9.9,84,12.79,0,1.27,0,1.27,82,12.73
54.0,11.5,96,12.79,0,1.27,0,1.27,84,12.73
3.9,10.1,0,12.79,0,1.27,0,1.27,92,12.73
96.4,10.0,0,12.79,0,1.27,0,1.27,91,12.73
54.0,10.1,61,12.79,0,1.27,0,1.27,86,12.73
16.0,9.8,74,12.79,0,1.27,0,1.27,62,12.73
52.7,10.6,70,12.79,0,1.27,0,1.27,79,12.73
54.6,9.5,47,12.79,0,1.27,0,1.27,88,12.73
25.0,10.6,74,12.79,0,1.27,0,1.27,71,12.73
48.3,10.1,70,12.79,0,1.27,0,1.27,56,12.73
54.0,10.1,64,12.79,0,1.27,0,1.27,83,12.73
19.6,11.7,88,12.79,0,1.27,0,1.27,94,12.73
4.8,10.3,82,12.79,0,1.27,0,1.27,95,12.73
4.6,9.5,86,12.79,0,1.27,0,1.27,84,12.73
53.9,10.1,87,12.79,0,1.27,0,1.27,82,12.73
18.9,9.8,74,12.79,0,1.27,0,1.27,86,12.73
32.8,9.8,69,12.79,0,1.27,0,1.27,87,12.73
46.3,11.6,71,12.79,0,1.27,0,1.27,79,12.73
10.3,9.5,71,12.79,0,1.27,0,1.27,42,12.73
53.9,9.7,83,12.79,0,1.27,0,1.27,66,12.73
49.5,10.7,16,12.72,0,1.27,0,1.27,72,12.73
2.9,8.7,0,1.27,0,1.27,0,1.27,80,12.73
23.2,8.3,0,1.27,0,1.27,0,1.27,91,12.73
6.5,7.3,0,1.27,0,1.27,0,1.27,81,12.73
14.1,7.6,1,1.27,0,1.27,0,1.27,67,12.73
30.0,7.6,0,1.27,0,1.27,0,1.27,87,12.73
31.2,9.3,0,1.27,0,1.27,0,1.27,85,12.73
2.9,8.0,0,1.27,0,1.27,0,1.27,84,12.73
52.1,7.3,0,1.27,0,1.27,0,1.27,0,1.27
43.2,5.3,0,1.27,0,1.27,0,1.27,1,1.27
3654.12