0.6,8.3,0.00,0.00,0,2.95,0,2.95,0,2.95,0,2.95
0.2,8.3,0.00,0.00,0,2.95,0,2.95,0,2.95,0,2.95
0.0,8.3,0.00,0.00,0,2.95,0,2.95,0,2.95,0,2.95
3.6,8.3,0.00,0.00,0,2.95,0,2.95,0,2.95,0,2.95
3.4,8.3,0.00,0.00,0,2.95,0,2.95,0,2.95,0,2.95
0.2,8.3,0.00,0.00,0,2.95,0,2.95,0,2.95,0,2.95
6.5,8.7,0.00,0.00,0,2.95,0,2.95,0,2.95,0,2.95
6.6,9.3,0.00,0.00,0,2.95,0,2.95,0,2.95,0,2.95
9.6,10.9,0.00,0.00,0,6.75,2,7.82,0,2.95,0,2.95
9.6,15.0,0.00,0.00,4,14.62,4,13.44,0,2.95,0,2.95
6.7,19.5,0.00,0.00,7,24.73,2,17.22,0,2.95,0,2.95
4.2,20.9,0.00,0.00,4,42.04,0,17.22,0,2.95,0,2.95
13.0,21.3,0.00,0.00,0,42.04,0,17.22,0,2.95,0,2.95
31.3,21.7,0.00,0.00,0,42.04,0,17.22,0,2.95,0,2.95
88.2,22.1,0.00,0.00,0,42.04,0,17.22,0,2.95,0,2.95
11.1,22.5,0.00,0.00,0,42.04,26,25.08,0,2.95,0,2.95
15.0,22.8,0.00,0.00,0,70.5,32,25.08,0,2.95,0,2.95
20.0,23.0,0.00,0.00,99,70.5,91,25.08,0,2.95,0,2.95
20.2,23.3,0.00,0.00,99,70.5,93,25.08,0,2.95,0,2.95
13.4,23.5,0.00,0.00,99,70.5,93,25.08,0,2.95,0,2.95
15.0,23.7,0.00,0.00,100,70.5,95,25.08,0,2.95,0,2.95
11.4,23.8,0.00,0.00,99,70.5,94,25.08,0,2.95,0,2.95
14.7,23.8,0.00,0.00,100,70.5,95,25.08,0,2.95,0,2.95
18.4,24.3,0.00,0.00,97,70.5,89,25.08,0,2.95,0,2.95
15.4,24.8,0.00,0.00,99,70.5,89,25.08,1,5.98,0,5.79
18.7,27.7,0.00,0.00,100,70.5,95,25.08,8,19.11,3,12.14
18.6,33.3,0.00,0.00,99,70.5,94,25.08,9,31.81,4,18.54
53.2,36.3,0.00,0.00,99,70.5,89,25.08,1,31.81,0,18.54
18.9,37.1,0.00,0.00,99,70.5,88,25.08,0,31.81,0,18.54
27.5,37.9,0.00,0.00,99,70.5,87,25.08,0,31.81,0,18.54
25.6,39.0,0.00,0.00,99,70.5,91,29.51,0,31.81,0,18.54
99.6,41.2,0.00,0.00,99,70.5,90,35.1,41,51.48,60,33.45
24.2,43.4,0.00,0.00,99,70.5,94,38.4,97,51.48,97,33.45
27.0,42.7,0.00,0.00,100,70.5,0,38.4,98,51.48,96,33.45
20.3,43.1,0.00,0.00,99,70.5,0,38.4,99,51.48,96,33.45
30.1,43.5,0.00,0.00,99,70.5,0,38.4,98,51.48,96,33.45
30.5,44.0,0.00,0.00,99,70.5,0,43.16,99,51.48,93,33.45
43.5,44.3,0.00,0.00,100,70.5,47,43.16,99,51.48,97,33.45
24.6,44.5,0.00,0.00,100,70.5,99,43.16,99,51.48,97,33.45
24.4,44.5,0.00,0.00,100,70.5,99,43.16,99,51.48,97,33.45
25.4,44.5,0.00,0.00,99,70.5,98,43.16,99,51.48,96,33.45
26.6,44.5,0.00,0.00,99,70.5,99,43.16,99,51.48,96,33.45
25.8,44.5,0.00,0.00,99,70.5,99,43.16,99,51.48,97,33.45
24.8,44.5,0.00,0.00,99,70.5,99,43.16,100,51.48,97,33.45
26.7,44.5,0.00,0.00,100,70.5,99,43.16,99,51.48,98,33.45
25.3,44.5,0.00,0.00,99,70.5,99,43.16,99,51.48,97,33.45
25.6,44.5,0.00,0.00,100,70.5,99,43.16,99,51.48,96,33.45
25.6,44.5,0.00,0.00,99,70.5,99,43.16,99,51.48,97,33.45
25.9,44.5,0.00,0.00,99,70.5,99,43.16,99,51.48,97,33.45
25.8,44.5,0.00,0.00,99,70.5,99,43.16,99,51.48,97,33.45
26.9,44.5,0.00,0.00,99,70.5,99,43.16,99,51.48,97,33.45
25.2,44.5,0.00,0.00,99,70.5,99,43.16,99,51.48,97,33.45
26.2,44.5,0.00,0.00,99,70.5,99,43.16,99,51.48,97,33.45
24.8,44.5,0.00,0.00,100,70.5,99,43.16,99,51.48,97,33.45
26.9,44.5,0.00,0.00,99,70.5,99,43.16,99,51.48,98,33.45
22.1,44.4,0.00,0.00,99,70.5,99,43.16,99,51.48,97,33.45
88.5,42.6,0.00,0.00,100,70.5,99,43.16,39,51.48,0,33.45
19.7,42.1,0.00,0.00,99,70.5,40,43.16,42,51.48,0,33.45
28.2,42.7,0.00,0.00,100,70.5,38,43.16,40,51.48,0,33.45
81.2,43.2,0.00,0.00,99,70.5,37,43.16,40,51.48,0,33.45
68.3,43.8,0.00,0.00,99,70.5,42,43.16,54,51.48,53,33.45
62.3,44.3,0.00,0.00,99,70.5,41,43.16,99,51.48,97,33.45
24.8,44.5,0.00,0.00,100,70.5,99,43.16,99,51.48,97,33.45
27.5,44.5,0.00,0.00,99,70.5,99,43.16,99,51.48,96,33.45
25.5,44.5,0.00,0.00,99,70.5,99,43.16,99,51.48,97,33.45
24.8,44.5,0.00,0.00,100,70.5,99,43.16,100,51.48,97,33.45
25.6,44.5,0.00,0.00,100,70.5,99,43.16,99,51.48,98,33.45
24.4,44.5,0.00,0.00,100,70.5,99,43.16,99,51.48,97,33.45
26.1,44.5,0.00,0.00,99,70.5,99,43.16,99,51.48,97,33.45
24.7,44.5,0.00,0.00,100,70.5,99,43.16,99,51.48,97,33.45
25.1,44.5,0.00,0.00,99,70.5,99,43.16,99,51.48,97,33.45
26.2,44.5,0.00,0.00,99,70.5,99,43.16,99,51.48,97,33.45
24.7,44.5,0.00,0.00,99,70.5,99,43.16,99,51.48,97,33.45
25.9,44.4,0.00,0.00,99,70.5,99,43.16,99,51.48,97,33.45
25.3,44.4,0.00,0.00,99,70.5,99,43.16,99,51.48,97,33.45
25.8,44.4,0.00,0.00,100,70.5,99,43.16,99,51.48,97,33.45
25.1,44.4,0.00,0.00,99,70.5,99,43.16,99,51.48,97,33.45
25.0,44.4,0.00,0.00,100,70.5,99,43.16,99,51.48,97,33.45
27.7,43.5,0.00,0.00,48,75.26,99,43.16,99,51.48,97,33.45
28.7,43.7,0.00,0.00,36,75.26,98,43.16,98,51.48,96,33.45
28.6,44.0,0.00,0.00,39,75.26,99,43.16,99,51.48,96,33.45
25.7,43.2,0.00,0.00,36,75.26,41,43.16,99,51.48,93,33.45
25.8,43.6,0.00,0.00,39,75.26,39,43.16,99,51.48,97,33.45
22.7,43.9,0.00,0.00,39,75.26,47,43.16,99,51.48,96,33.45
24.2,44.1,0.00,0.00,42,75.26,43,43.16,99,51.48,97,33.45
54.4,42.3,0.00,0.00,39,75.26,50,43.16,46,20.98,5,2.95
24.8,34.3,0.00,0.00,43,75.26,99,43.16,37,20.98,0,2.95
25.3,33.9,0.00,0.00,33,75.26,91,43.21,10,21.03,0,2.95
60.7,33.9,0.00,0.00,36,75.26,89,43.21,0,21.03,0,2.95
26.4,36.0,0.00,0.00,40,75.26,94,55.37,0,21.03,0,2.95
92.9,41.6,0.00,0.00,38,75.26,90,66.74,0,21.03,1,5.53
61.4,45.3,0.00,0.00,40,75.26,89,69.75,1,26.88,3,11.04
27.9,49.0,0.00,0.00,39,75.26,97,69.75,20,32.61,4,27.91
71.7,51.4,0.00,0.00,39,75.26,97,69.75,51,46.94,6,28.87
75.3,51.4,0.00,0.00,35,75.26,93,69.75,37,46.94,0,28.87
25.1,52.1,0.00,0.00,37,75.26,96,69.75,36,46.94,0,28.87
27.3,52.9,0.00,0.00,35,75.26,99,78.34,37,46.94,0,28.87
87.2,53.5,0.00,0.00,39,75.26,99,78.34,39,46.94,0,58.55
34.7,54.3,0.00,0.00,40,75.26,98,78.34,100,76.66,100,58.58
29.1,54.5,0.00,0.00,42,75.26,99,78.34,100,76.66,100,58.58
30.6,54.7,0.00,0.00,38,75.26,98,78.34,100,76.66,100,58.58
27.9,54.9,0.00,0.00,44,75.26,99,78.34,100,76.66,100,58.58
28.1,54.9,0.00,0.00,39,75.26,99,78.34,100,76.66,100,58.58
26.7,54.9,0.00,0.00,38,75.26,99,78.34,100,76.66,100,58.58
26.7,54.9,0.00,0.00,39,75.26,99,78.34,100,76.66,100,58.58
26.9,54.9,0.00,0.00,42,75.26,99,78.34,100,76.66,100,58.58
25.9,54.9,0.00,0.00,44,75.26,99,78.34,100,76.66,100,58.58
25.2,54.9,0.00,0.00,38,75.26,99,78.34,100,76.66,100,58.58
34.8,54.6,0.00,0.00,41,75.26,88,78.34,100,76.66,100,58.58
28.7,54.1,0.00,0.00,40,75.26,86,78.34,100,76.66,100,58.58
99.4,54.3,0.00,0.00,48,75.26,86,78.34,100,76.66,100,58.58
27.3,54.5,0.00,0.00,44,75.26,88,78.34,100,76.66,100,58.58
26.2,54.7,0.00,0.00,39,75.26,87,78.34,100,76.66,100,58.58
25.5,54.9,0.00,0.00,42,75.26,99,78.34,100,76.66,100,58.58
24.2,54.9,0.00,0.00,41,75.26,99,78.34,100,76.66,100,58.58
23.1,54.9,0.00,0.00,42,75.31,99,78.34,100,76.66,100,58.58
29.2,54.1,0.00,0.00,88,75.31,98,78.34,100,76.66,100,58.58
27.8,54.3,0.00,0.00,99,75.31,98,78.34,100,76.66,100,58.58
28.2,54.5,0.00,0.00,99,75.31,99,78.34,100,76.66,100,58.58
27.5,54.6,0.00,0.00,99,75.31,99,78.34,100,76.66,100,58.58
27.9,54.8,0.00,0.00,99,75.31,99,78.34,100,76.66,100,58.58
26.1,54.9,0.00,0.00,99,75.31,99,78.34,100,76.66,100,58.58
25.8,54.9,0.00,0.00,100,75.31,99,78.34,100,76.66,100,58.58
26.7,54.9,0.00,0.00,99,75.31,99,78.34,100,76.66,100,58.58
23.9,54.9,0.00,0.00,99,75.31,99,78.34,100,76.66,100,58.58
24.8,54.9,0.00,0.00,99,75.31,99,78.34,100,76.66,100,58.58
24.3,54.9,0.00,0.00,99,75.31,99,78.34,100,76.66,100,58.58
22.9,54.9,0.00,0.00,99,75.31,99,78.34,100,76.66,100,58.58
24.0,54.9,0.00,0.00,99,75.31,99,78.34,100,76.66,100,58.58
24.9,54.9,0.00,0.00,99,75.31,99,78.34,100,76.66,100,58.58
25.9,54.9,0.00,0.00,100,75.31,99,78.34,100,76.66,100,58.58
25.9,54.9,0.00,0.00,99,75.31,99,78.34,100,76.66,100,58.58
25.3,54.9,0.00,0.00,99,75.31,99,78.34,100,76.66,100,58.58
26.3,54.9,0.00,0.00,99,75.31,99,78.34,100,76.66,100,58.58
27.2,54.9,0.00,0.00,99,75.31,99,78.34,100,76.66,100,58.58
25.7,54.9,0.00,0.00,100,75.31,99,78.34,100,76.66,100,58.58
26.5,54.9,0.00,0.00,99,75.31,99,78.34,100,76.66,100,58.58
26.9,54.9,0.00,0.00,99,75.31,99,78.34,100,76.66,100,58.58
26.5,54.9,0.00,0.00,99,75.31,99,78.34,100,76.66,100,58.58
28.2,53.9,0.00,0.00,99,75.31,99,87.06,100,76.66,100,58.58
26.9,54.1,0.00,0.00,99,75.31,100,87.06,100,76.66,100,58.58
89.5,53.3,0.00,0.00,99,75.31,92,87.06,100,76.66,100,58.58
87.4,51.9,0.00,0.00,99,75.31,83,87.06,36,76.66,0,58.58
34.0,52.6,0.00,0.00,99,75.31,79,87.06,39,76.66,0,58.58
77.6,53.4,0.00,0.00,98,75.31,85,87.06,39,76.66,0,58.58
100.0,54.0,0.00,0.00,99,75.31,88,87.06,39,76.66,0,58.58
24.3,54.6,0.00,0.00,99,75.31,99,87.06,42,76.66,53,58.58
23.9,54.9,0.00,0.00,99,75.31,100,87.06,100,76.66,100,58.58
23.6,54.9,0.00,0.00,99,75.31,100,87.06,100,76.66,100,58.58
24.2,54.9,0.00,0.00,99,75.31,100,87.06,100,76.66,100,58.58
24.0,54.9,0.00,0.00,100,75.31,100,87.06,100,76.66,100,58.58
25.9,54.9,0.00,0.00,99,75.31,100,87.06,100,76.66,100,58.58
25.7,54.9,0.00,0.00,99,75.31,100,87.06,100,76.66,100,58.58
24.6,54.9,0.00,0.00,100,75.31,100,87.06,100,76.66,100,58.58
25.7,54.9,0.00,0.00,99,75.31,100,87.06,100,76.66,100,58.58
27.4,54.9,0.00,0.00,100,75.31,100,87.06,100,76.66,100,58.58
27.0,54.9,0.00,0.00,99,75.31,100,87.06,100,76.66,100,58.58
26.0,54.9,0.00,0.00,99,75.31,100,87.06,100,76.66,100,58.58
24.9,54.9,0.00,0.00,100,75.31,100,87.06,100,76.66,100,58.58
25.9,54.9,0.00,0.00,99,75.31,100,87.06,100,76.66,100,58.58
26.2,54.9,0.00,0.00,99,75.31,100,87.06,100,76.66,100,58.58
25.5,54.9,0.00,0.00,99,75.31,100,87.06,100,76.66,100,58.58
27.3,54.9,0.00,0.00,99,75.31,100,87.06,100,76.66,100,58.58
26.4,54.9,0.00,0.00,99,75.31,100,68.98,100,76.66,100,58.58
23.8,49.8,0.00,0.00,99,75.31,99,68.98,100,76.66,100,58.58
24.5,49.8,0.00,0.00,99,75.31,100,68.98,100,76.66,100,58.58
23.7,49.8,0.00,0.00,100,75.31,99,68.98,100,76.66,100,58.58
22.7,49.7,0.00,0.00,99,75.31,99,68.98,100,76.66,100,58.58
21.0,49.7,0.00,0.00,100,75.31,99,68.98,100,76.66,100,58.58
21.9,49.7,0.00,0.00,99,75.31,100,68.98,100,76.66,100,58.58
21.4,49.7,0.00,0.00,100,75.31,99,68.98,100,76.66,100,58.58
18.2,49.7,0.00,0.00,100,75.31,100,68.98,100,76.66,100,58.58
21.9,44.6,0.00,0.00,99,75.31,74,46.8,100,76.66,100,58.58
17.2,44.5,0.00,0.00,100,75.31,72,46.8,100,76.66,100,58.58
17.8,44.5,0.00,0.00,100,75.31,76,46.8,100,76.66,100,58.58
19.8,44.5,0.00,0.00,100,75.31,74,46.92,100,76.66,100,58.58
67.8,44.0,0.00,0.00,100,75.31,37,46.92,100,76.66,100,58.58
33.1,44.6,0.00,0.00,99,75.31,62,46.92,100,76.66,100,58.58
26.4,41.0,0.00,0.00,42,21.03,70,57.81,100,76.66,100,58.58
28.3,44.4,0.00,0.00,44,21.03,69,68.23,100,76.66,100,58.58
27.6,47.5,0.00,0.00,38,21.03,72,73.46,100,76.66,100,58.58
23.9,47.8,0.00,0.00,40,21.03,69,73.46,100,76.66,100,58.58
50.5,47.1,0.00,0.00,43,21.03,69,73.46,100,76.66,100,58.58
21.7,47.6,0.00,0.00,41,21.03,67,73.46,100,76.66,100,58.58
25.5,48.0,0.00,0.00,46,21.03,71,73.46,100,76.66,100,58.58
47.8,48.6,0.00,0.00,40,21.03,73,82.05,100,76.66,100,58.58
30.3,49.0,0.00,0.00,45,21.03,86,82.05,100,76.66,100,58.58
31.0,49.2,0.00,0.00,38,21.03,88,82.05,100,76.66,100,58.58
28.5,49.4,0.00,0.00,44,21.03,90,82.05,100,76.66,100,58.58
80.2,49.6,0.00,0.00,39,21.03,88,82.05,100,76.66,52,58.58
23.7,48.0,0.00,0.00,45,21.03,93,82.05,46,76.66,0,58.58
84.8,48.5,0.00,0.00,45,21.03,90,82.05,48,76.66,0,58.58
91.7,48.9,0.00,0.00,50,21.03,87,82.05,46,76.66,0,58.58
22.8,49.3,0.00,0.00,39,21.03,92,82.05,44,76.66,0,58.58
32.6,49.9,0.00,0.00,40,21.03,91,82.05,52,76.66,88,58.58
24.1,49.8,0.00,0.00,47,21.03,91,82.05,100,76.66,100,58.58
25.7,49.8,0.00,0.00,45,21.03,91,82.05,100,76.66,100,58.58
24.7,49.8,0.00,0.00,44,21.03,91,82.05,100,76.66,100,58.58
24.3,49.8,0.00,0.00,53,21.03,90,82.05,100,76.66,100,58.58
23.8,49.8,0.00,0.00,57,21.03,91,82.05,100,76.66,100,58.58
31.1,49.7,0.00,0.00,56,21.03,81,82.05,100,76.66,100,58.58
31.7,49.0,0.00,0.00,47,21.03,95,82.05,100,76.66,100,58.58
74.9,49.2,0.00,0.00,39,21.03,95,82.05,100,76.66,100,58.58
28.3,49.4,0.00,0.00,38,21.03,94,82.05,100,76.66,100,58.58
28.2,49.6,0.00,0.00,41,21.03,95,82.05,100,76.66,100,58.58
25.4,49.8,0.00,0.00,45,21.03,100,82.05,100,76.66,100,58.58
26.4,49.8,0.00,0.00,48,21.03,97,82.05,100,76.66,100,58.58
24.1,49.8,0.00,0.00,42,21.03,97,82.05,100,76.66,100,58.58
25.4,49.8,0.00,0.00,45,21.03,99,82.05,100,76.66,100,58.58
24.3,49.8,0.00,0.00,47,21.03,100,82.05,100,76.66,100,58.58
22.9,49.8,0.00,0.00,43,21.03,99,82.05,100,76.66,100,58.58
21.1,49.8,0.00,0.00,45,21.03,99,90.77,100,76.66,100,58.58
29.7,48.5,0.00,0.00,42,20.83,93,90.77,100,76.66,100,58.58
20.0,44.1,0.00,0.00,3,2.95,96,90.77,100,76.66,100,58.58
21.8,44.3,0.00,0.00,0,2.95,94,90.77,100,76.66,100,58.58
22.1,44.5,0.00,0.00,0,2.95,94,90.77,100,76.66,100,58.58
19.1,44.7,0.00,0.00,0,2.95,96,90.77,100,76.66,100,58.58
21.3,44.7,0.00,0.00,0,2.95,95,90.77,100,76.66,100,58.58
24.8,45.0,0.00,0.00,0,2.95,91,90.77,100,76.66,99,58.58
24.1,45.4,0.00,0.00,0,2.95,93,90.77,100,76.66,100,58.58
23.1,46.1,0.00,0.00,0,6.54,98,90.77,100,76.66,100,58.58
24.3,49.3,0.00,0.00,13,17.38,94,90.77,100,76.66,100,58.58
23.7,52.5,0.00,0.00,13,28.1,96,90.77,100,76.66,100,58.58
19.9,53.0,0.00,0.00,15,39.84,92,90.77,100,76.66,100,58.58
21.6,53.2,0.00,0.00,0,39.84,93,90.77,100,76.66,100,58.58
25.8,53.4,0.00,0.00,0,39.84,96,90.77,100,76.66,100,58.58
22.1,52.7,0.00,0.00,0,39.84,86,90.77,100,76.66,100,58.58
39.4,53.1,0.00,0.00,0,48.75,95,90.77,100,76.66,100,58.58
48.1,53.6,0.00,0.00,92,48.75,95,90.77,100,76.66,100,58.58
35.3,54.0,0.00,0.00,96,48.75,95,90.77,100,76.66,100,58.58
49.0,54.3,0.00,0.00,95,48.75,93,90.77,100,76.66,100,58.58
31.2,54.7,0.00,0.00,96,48.75,97,90.77,100,76.66,100,58.58
35.1,54.9,0.00,0.00,95,48.75,95,90.77,100,76.66,100,58.58
29.6,54.9,0.00,0.00,97,48.75,97,90.77,100,76.66,100,58.58
30.8,55.0,0.00,0.00,98,48.75,99,90.77,100,76.66,100,58.58
27.6,55.0,0.00,0.00,98,48.75,97,90.77,100,76.66,100,58.58
28.7,54.9,0.00,0.00,98,48.75,100,90.77,100,76.66,100,58.58
17.0,55.0,0.00,0.00,18,48.75,29,90.77,100,76.66,85,58.58
17.1,53.0,0.00,0.00,20,48.75,40,90.89,30,21.03,0,2.95
14.4,43.8,0.00,0.00,21,48.75,37,90.89,22,21.03,0,2.95
14.8,44.0,0.00,0.00,18,48.75,39,90.89,23,21.03,0,2.95
44.5,44.1,0.00,0.00,44,48.75,49,90.89,41,21.03,0,2.95
12.8,44.3,0.00,0.00,22,48.75,33,90.89,21,21.03,0,2.95
96.3,44.5,0.00,0.00,20,48.75,36,90.89,24,21.03,0,2.95
40.1,44.7,0.00,0.00,20,48.75,33,90.89,18,21.03,0,2.95
13.0,44.9,0.00,0.00,18,48.75,28,90.89,16,21.03,0,2.95
50.0,45.0,0.00,0.00,41,48.75,88,90.89,43,21.03,0,2.95
24.2,45.6,0.00,0.00,98,48.75,94,90.89,43,21.03,0,2.95
25.5,45.9,0.00,0.00,98,48.75,94,90.89,43,21.03,2,9.38
20.7,47.7,0.00,0.00,98,48.75,94,90.89,44,21.03,3,15.32
26.5,48.7,0.00,0.00,47,57.66,92,90.89,44,21.03,4,28.77
27.4,48.3,0.00,0.00,93,57.66,88,90.89,44,21.03,0,28.77
87.8,48.7,0.00,0.00,93,57.66,91,90.89,38,21.03,0,28.77
27.1,49.1,0.00,0.00,97,57.66,88,90.89,45,21.03,0,28.77
29.7,49.6,0.00,0.00,96,57.66,91,90.89,42,21.03,0,34.68
30.8,49.8,0.00,0.00,97,57.66,97,90.89,40,21.03,78,57.23
27.9,49.8,0.00,0.00,98,57.66,94,90.89,46,21.03,100,57.23
26.5,49.8,0.00,0.00,98,57.66,92,90.89,41,21.03,99,57.23
29.0,48.9,0.00,0.00,98,57.66,85,90.89,25,2.95,99,57.23
26.7,43.9,0.00,0.00,96,57.66,98,90.89,0,2.95,100,57.23
94.2,44.2,0.00,0.00,98,57.66,93,90.89,0,2.95,98,57.23
55.0,44.8,0.00,0.00,93,57.66,96,90.89,0,2.95,99,57.23
27.8,45.3,0.00,0.00,95,57.66,96,90.89,0,8.64,100,57.23
27.6,47.8,0.00,0.00,96,57.66,98,90.89,6,20.28,100,57.23
23.2,51.5,0.00,0.00,98,57.66,100,90.89,5,31.49,99,57.23
13.8,52.1,0.00,0.00,27,57.66,50,90.89,0,31.49,97,57.23
13.6,52.4,0.00,0.00,18,57.66,36,90.89,0,31.49,82,57.23
17.6,52.7,0.00,0.00,16,57.66,29,90.89,0,31.49,90,57.23
15.5,53.1,0.00,0.00,20,57.66,28,90.89,0,31.49,82,57.23
29.4,53.5,0.00,0.00,16,57.66,83,90.89,0,31.49,100,57.23
32.0,53.9,0.00,0.00,94,57.66,95,90.89,48,35.62,100,57.23
33.5,54.1,0.00,0.00,94,57.66,95,90.89,82,35.62,99,57.23
32.0,53.3,0.00,0.00,93,57.66,82,68.9,80,35.62,99,57.23
31.0,49.3,0.00,0.00,95,57.66,97,68.9,80,35.62,99,57.23
32.4,49.5,0.00,0.00,94,57.66,90,68.9,80,35.62,100,57.23
30.6,49.7,0.00,0.00,97,57.66,96,68.9,84,35.62,99,57.23
30.1,49.7,0.00,0.00,98,57.66,95,68.9,82,35.62,100,57.23
28.7,49.7,0.00,0.00,98,57.66,97,68.9,84,35.62,100,57.23
28.0,49.7,0.00,0.00,97,57.66,98,68.9,88,35.62,100,57.23
27.3,49.7,0.00,0.00,98,57.66,97,68.9,84,35.62,100,57.23
30.0,49.7,0.00,0.00,97,57.66,96,68.9,85,35.62,100,57.23
29.6,49.7,0.00,0.00,97,57.66,95,68.9,85,35.62,100,57.23
29.2,49.7,0.00,0.00,98,57.66,97,68.9,84,35.62,100,57.23
30.6,48.8,0.00,0.00,69,57.66,99,68.9,84,35.62,100,57.23
31.1,49.0,0.00,0.00,96,57.66,90,68.9,83,35.62,100,57.23
31.5,49.2,0.00,0.00,97,57.66,96,68.9,85,35.62,100,57.23
32.2,49.4,0.00,0.00,97,57.66,95,68.9,86,35.62,100,57.23
49.4,48.7,0.00,0.00,96,57.66,88,68.9,76,35.62,100,57.23
29.9,49.0,0.00,0.00,94,57.66,97,68.9,86,35.62,100,57.23
30.2,49.2,0.00,0.00,98,57.66,97,68.9,84,35.62,100,57.23
30.9,49.4,0.00,0.00,97,57.66,94,68.9,82,35.62,100,57.23
32.4,49.6,0.00,0.00,95,57.66,97,68.9,89,35.62,100,57.23
31.7,49.7,0.00,0.00,95,57.66,99,68.9,84,35.62,100,57.23
30.0,49.7,0.00,0.00,97,57.66,97,68.9,49,39.74,100,57.23
32.1,48.9,0.00,0.00,98,57.66,96,68.9,84,39.74,100,57.23
32.0,49.1,0.00,0.00,96,57.66,97,68.9,87,39.74,100,57.23
31.8,49.3,0.00,0.00,95,57.66,94,68.9,83,39.74,100,57.23
30.6,49.5,0.00,0.00,97,57.66,98,68.9,84,39.74,100,57.23
37.5,48.8,0.00,0.00,98,57.66,78,46.92,89,39.74,100,57.23
32.6,43.8,0.00,0.00,95,57.66,71,46.92,86,39.74,99,57.23
27.5,43.9,0.00,0.00,95,57.66,75,46.92,88,39.74,100,57.23
35.2,44.2,0.00,0.00,95,57.66,71,46.92,89,39.74,100,57.23
26.0,44.4,0.00,0.00,97,57.66,72,46.92,90,39.74,94,57.23
30.5,44.9,0.00,0.00,95,57.66,72,46.92,78,39.74,99,57.23
38.1,45.3,0.00,0.00,94,57.66,68,46.92,84,41.41,99,57.23
29.4,46.8,0.00,0.00,89,57.66,71,46.92,91,53.54,100,57.23
25.7,50.1,0.00,0.00,97,57.66,70,46.92,93,64.6,100,57.23
26.7,52.7,0.00,0.00,98,57.66,71,46.92,88,68.28,100,57.23
32.8,52.9,0.00,0.00,97,57.66,68,46.92,88,68.28,99,57.23
24.3,52.1,0.00,0.00,96,57.66,60,46.92,85,68.28,100,57.23
28.7,52.5,0.00,0.00,95,57.66,71,46.92,84,68.28,100,57.23
28.0,52.9,0.00,0.00,97,57.66,68,46.92,89,68.28,100,57.23
32.2,53.5,0.00,0.00,93,57.66,71,46.92,94,76.14,100,57.23
33.0,53.3,0.00,0.00,93,57.66,65,46.92,99,76.14,100,57.23
84.1,53.5,0.00,0.00,94,57.66,62,46.92,99,76.14,99,57.23
72.8,53.9,0.00,0.00,94,57.66,64,46.92,99,76.14,100,57.23
31.1,54.3,0.00,0.00,94,57.66,70,46.92,99,76.14,100,57.23
28.8,54.8,0.00,0.00,96,57.66,70,46.92,100,76.14,100,57.23
27.4,54.9,0.00,0.00,98,57.66,73,46.92,100,76.14,100,57.23
26.4,54.9,0.00,0.00,98,57.66,75,46.92,100,76.14,100,57.23
27.5,54.9,0.00,0.00,98,57.66,74,46.92,100,76.14,100,57.23
29.6,54.9,0.00,0.00,98,57.66,72,46.92,100,76.14,100,57.23
26.8,54.9,0.00,0.00,98,57.66,73,46.92,100,76.14,100,57.23
26.9,54.9,0.00,0.00,98,57.66,69,46.92,100,76.14,100,57.23
27.2,54.9,0.00,0.00,98,57.66,71,46.92,100,76.14,100,57.23
27.3,54.9,0.00,0.00,98,57.66,66,46.92,100,76.14,100,57.23
30.6,54.1,0.00,0.00,98,57.66,70,46.92,98,76.14,100,57.23
51.3,54.3,0.00,0.00,96,57.66,71,46.92,99,76.14,100,57.23
52.9,54.5,0.00,0.00,87,57.66,71,46.92,96,76.14,100,57.23
33.5,53.0,0.00,0.00,90,57.66,63,46.92,99,76.14,100,57.23
34.0,53.5,0.00,0.00,93,57.66,61,46.92,99,76.14,99,57.23
31.3,54.0,0.00,0.00,95,57.66,73,46.92,98,76.14,100,57.23
99.0,54.3,0.00,0.00,93,57.66,70,46.92,99,76.14,0,57.23
28.8,53.9,0.00,0.00,92,57.66,66,46.92,99,76.14,0,57.23
25.1,54.3,0.00,0.00,93,57.66,69,46.92,99,76.14,0,57.23
26.2,54.5,0.00,0.00,98,57.66,69,46.92,99,76.14,0,57.23
27.6,54.7,0.00,0.00,98,57.66,70,46.92,99,76.14,0,57.23
28.9,54.9,0.00,0.00,95,57.66,71,46.92,99,76.14,100,57.23
27.7,54.9,0.00,0.00,98,57.66,68,46.92,100,76.14,100,57.23
27.3,54.9,0.00,0.00,98,57.66,69,46.92,99,76.14,100,57.23
25.0,54.9,0.00,0.00,97,57.66,69,46.92,99,76.14,100,57.23
28.3,54.9,0.00,0.00,98,57.66,71,46.92,100,76.14,100,57.23
34.4,54.9,0.00,0.00,98,57.66,69,46.92,95,84.05,100,57.23
29.6,54.1,0.00,0.00,94,57.66,73,46.92,100,84.05,100,57.23
32.8,53.4,0.00,0.00,54,57.66,70,46.92,99,84.05,100,57.23
34.0,53.9,0.00,0.00,92,57.66,66,46.92,100,84.05,100,57.23
91.1,54.3,0.00,0.00,95,57.66,67,46.92,100,84.05,100,57.23
32.3,54.7,0.00,0.00,96,57.66,68,46.92,99,84.05,99,57.23
36.4,54.9,0.00,0.00,97,57.66,69,46.92,99,84.05,100,57.23
28.3,54.0,0.00,0.00,97,57.66,71,46.92,100,84.05,100,57.23
31.2,54.3,0.00,0.00,99,57.66,68,46.92,100,84.05,100,57.23
27.1,54.4,0.00,0.00,97,57.66,69,46.92,99,84.05,100,57.23
31.1,54.6,0.00,0.00,95,57.66,68,46.92,99,84.05,99,57.23
31.7,54.9,0.00,0.00,95,57.66,67,46.92,100,84.05,100,57.23
28.5,54.9,0.00,0.00,98,57.66,67,46.92,100,84.05,100,57.23
27.9,54.9,0.00,0.00,98,57.66,69,46.92,99,84.05,100,57.23
26.6,54.9,0.00,0.00,98,57.66,68,46.92,99,84.05,100,57.23
26.7,54.9,0.00,0.00,98,57.66,70,46.92,100,84.05,100,57.23
28.9,54.9,0.00,0.00,98,57.66,70,46.92,100,84.05,100,57.23
29.5,54.1,0.00,0.00,56,57.66,66,46.92,98,84.05,100,57.23
29.9,54.3,0.00,0.00,94,57.66,69,46.92,99,84.05,100,57.23
27.7,54.5,0.00,0.00,96,57.66,70,46.92,99,84.05,100,57.23
34.2,54.6,0.00,0.00,96,57.66,73,46.92,100,84.05,100,57.23
30.1,54.9,0.00,0.00,96,57.66,69,46.92,99,84.05,100,57.23
26.5,54.9,0.00,0.00,98,57.66,74,46.92,100,84.05,100,57.23
26.2,54.9,0.00,0.00,99,57.66,71,46.92,99,84.05,100,57.23
28.6,54.9,0.00,0.00,98,57.66,73,46.92,100,84.05,100,57.23
26.0,54.9,0.00,0.00,99,57.66,71,46.92,99,84.05,100,57.23
28.9,54.9,0.00,0.00,99,57.66,37,46.92,100,84.05,100,57.23
28.5,54.1,0.00,0.00,98,57.66,69,46.92,99,84.05,99,57.23
29.4,54.3,0.00,0.00,96,57.66,70,46.92,99,84.05,100,57.23
29.2,54.5,0.00,0.00,95,57.66,73,46.92,100,84.05,99,57.23
55.4,54.7,0.00,0.00,97,57.66,68,46.92,99,84.1,100,57.23
30.3,54.0,0.00,0.00,98,57.66,65,46.92,99,84.1,100,57.23
31.3,49.2,0.00,0.00,63,30.31,74,46.92,99,84.1,100,57.23
27.8,49.3,0.00,0.00,97,30.31,69,46.92,99,84.1,100,57.23
32.4,49.5,0.00,0.00,98,30.31,68,46.92,99,84.1,100,57.23
29.1,49.7,0.00,0.00,97,30.31,69,46.92,99,84.1,100,57.23
26.5,49.8,0.00,0.00,97,30.31,75,46.92,99,84.1,100,57.23
26.1,49.8,0.00,0.00,98,30.31,72,46.92,99,84.1,100,57.23
28.2,49.8,0.00,0.00,98,30.31,71,46.92,99,84.1,100,57.23
25.8,49.8,0.00,0.00,99,30.31,67,46.92,99,84.1,100,57.23
24.5,49.8,0.00,0.00,98,30.31,70,46.92,97,84.1,100,57.23
30.4,49.0,0.00,0.00,97,30.31,68,46.92,100,84.1,100,57.23
32.6,49.2,0.00,0.00,95,30.31,66,46.92,99,84.1,100,57.23
27.5,49.3,0.00,0.00,97,30.31,71,46.92,99,84.1,100,57.23
37.2,49.5,0.00,0.00,98,30.31,68,46.92,100,84.1,100,57.23
29.5,49.7,0.00,0.00,98,30.31,70,46.92,100,84.1,100,57.23
29.8,49.8,0.00,0.00,98,30.31,40,24.93,100,84.1,100,57.23
20.9,39.9,0.00,0.00,21,2.95,74,24.93,100,84.1,100,57.23
19.2,39.5,0.00,0.00,0,2.95,74,24.93,100,84.1,100,57.23
18.5,39.5,0.00,0.00,0,2.95,73,24.93,99,84.1,100,57.23
99.0,39.6,0.00,0.00,0,2.95,71,24.93,97,84.1,99,57.23
73.3,40.0,0.00,0.00,0,2.95,63,24.93,99,84.1,100,57.23
22.9,40.3,0.00,0.00,0,2.95,72,24.93,100,84.1,100,57.23
23.6,42.6,0.00,0.00,3,14.28,70,24.93,100,84.1,100,57.23
22.8,46.2,0.00,0.00,6,26.26,74,24.93,99,84.1,100,57.23
21.8,47.8,0.00,0.00,3,33.93,69,24.93,99,84.1,100,57.23
21.0,48.0,0.00,0.00,0,33.93,71,24.93,100,84.1,99,57.23
22.4,48.3,0.00,0.00,0,33.93,72,24.93,99,84.1,100,57.23
38.0,48.5,0.00,0.00,0,33.93,73,24.93,100,84.1,100,57.23
29.2,48.8,0.00,0.00,0,48.85,73,24.93,100,84.1,100,57.23
25.3,49.0,0.00,0.00,96,48.85,73,24.93,100,84.1,100,57.23
24.8,49.3,0.00,0.00,96,48.85,71,24.93,97,84.1,100,57.23
83.2,44.5,0.00,0.00,95,48.85,69,24.93,99,61.92,100,57.23
24.5,44.5,0.00,0.00,93,48.85,67,24.93,99,61.92,100,57.23
21.6,44.7,0.00,0.00,97,48.85,73,24.93,100,61.92,100,57.23
22.3,44.7,0.00,0.00,97,48.85,71,24.93,99,61.92,100,57.23
17.6,39.5,0.00,0.00,97,48.85,4,2.95,99,61.92,100,57.23
16.0,39.5,0.00,0.00,97,48.85,0,2.95,100,61.92,100,57.23
15.0,39.5,0.00,0.00,97,48.85,0,2.95,100,61.92,100,57.23
15.8,39.5,0.00,0.00,97,48.85,0,2.95,100,61.92,100,57.23
15.3,39.5,0.00,0.00,97,48.85,0,2.95,99,61.92,100,57.23
16.7,39.5,0.00,0.00,97,48.85,0,2.95,99,61.92,100,57.23
50.8,39.8,0.00,0.00,94,48.85,0,2.95,100,61.92,100,57.23
89.1,40.2,0.00,0.00,94,48.85,0,2.95,98,61.92,99,57.23
20.2,42.0,0.00,0.00,97,48.85,3,16.35,99,61.92,100,57.23
20.1,45.8,0.00,0.00,98,48.85,7,28.85,99,61.92,100,57.23
18.0,47.8,0.00,0.00,97,48.85,1,29.49,100,61.92,44,2.95
91.4,43.1,0.00,0.00,96,48.85,0,29.49,99,61.92,0,2.95
99.6,43.1,0.00,0.00,96,48.85,0,29.49,99,61.92,0,2.95
64.4,43.3,0.00,0.00,96,48.85,0,29.49,99,61.92,0,2.95
21.9,43.7,0.00,0.00,95,48.85,53,38.08,99,61.92,0,2.95
28.0,43.9,0.00,0.00,97,48.85,64,38.08,100,61.92,0,2.95
22.2,44.1,0.00,0.00,96,48.85,73,38.08,100,61.92,0,2.95
24.5,44.3,0.00,0.00,96,48.85,70,38.08,100,61.92,0,2.95
73.6,44.5,0.00,0.00,96,48.85,64,38.08,100,61.92,0,2.95
20.0,44.8,0.00,0.00,97,48.85,73,38.08,100,61.92,0,2.95
20.2,44.8,0.00,0.00,97,48.85,72,38.08,100,61.92,0,2.95
19.7,44.7,0.00,0.00,97,48.85,74,38.08,100,61.92,0,2.95
19.6,44.7,0.00,0.00,97,48.85,73,38.08,99,61.92,0,2.95
19.1,44.7,0.00,0.00,97,48.85,75,38.08,99,61.92,0,2.95
19.9,44.7,0.00,0.00,96,48.85,74,38.08,99,61.92,0,2.95
19.3,44.7,0.00,0.00,97,48.85,74,38.08,100,61.92,0,2.95
17.1,44.7,0.00,0.00,97,48.85,75,38.08,96,61.73,0,2.95
17.2,39.5,0.00,0.00,97,48.85,72,38.08,94,39.74,0,2.95
16.5,39.5,0.00,0.00,97,48.85,74,38.08,93,39.74,0,2.95
15.3,38.5,0.00,0.00,97,48.85,70,38.08,51,39.74,0,2.95
20.0,38.8,0.00,0.00,96,48.85,73,38.08,92,39.74,0,2.95
18.8,39.0,0.00,0.00,96,48.85,70,38.08,86,39.74,0,2.95
23.1,39.3,0.00,0.00,97,48.85,70,46.68,83,39.74,0,2.95
88.0,39.0,0.00,0.00,96,48.85,54,46.8,84,39.74,0,2.95
55.7,39.6,0.00,0.00,92,48.85,65,46.8,88,39.74,0,5.55
22.1,41.5,0.00,0.00,96,48.85,72,46.8,92,39.74,4,11.34
26.7,42.5,0.00,0.00,77,64.08,70,46.8,86,39.74,6,24.26
33.6,45.6,0.00,0.00,96,64.08,69,46.8,91,39.74,3,30.54
20.6,47.9,0.00,0.00,96,64.08,72,46.8,87,39.74,2,44.26
20.6,47.6,0.00,0.00,94,64.08,67,46.8,90,39.74,0,44.26
27.3,48.1,0.00,0.00,94,64.08,68,46.8,90,39.74,0,44.26
19.8,48.3,0.00,0.00,96,64.08,76,46.8,90,39.74,0,44.26
18.8,48.6,0.00,0.00,96,64.08,72,46.8,89,39.74,0,73.97
100.0,49.0,0.00,0.00,97,64.08,76,46.8,87,39.74,99,73.97
21.9,49.2,0.00,0.00,96,64.08,71,46.8,90,39.74,100,73.97
22.3,49.4,0.00,0.00,96,64.08,73,46.8,90,39.74,99,73.97
27.2,49.6,0.00,0.00,96,64.08,72,46.8,91,39.74,100,73.97
22.2,49.8,0.00,0.00,96,64.08,74,46.8,93,39.74,100,73.97
20.5,49.9,0.00,0.00,97,64.08,77,46.8,93,39.74,100,73.97
21.8,49.9,0.00,0.00,96,64.08,75,46.8,92,39.74,100,73.97
20.1,49.9,0.00,0.00,96,64.08,76,46.8,93,39.74,100,73.97
20.1,49.9,0.00,0.00,96,64.08,75,46.92,94,39.74,100,73.97
22.5,49.0,0.00,0.00,97,64.08,49,46.92,89,39.74,100,73.97
25.6,49.2,0.00,0.00,96,64.08,71,46.92,43,39.74,100,73.97
87.7,48.6,0.00,0.00,91,64.08,67,46.92,87,39.74,98,73.97
23.9,49.1,0.00,0.00,94,64.08,70,46.92,86,39.74,100,73.97
31.0,49.5,0.00,0.00,96,64.08,66,46.92,89,39.74,100,73.97
22.1,49.8,0.00,0.00,97,64.08,74,46.92,88,39.74,100,73.97
19.9,49.9,0.00,0.00,97,64.08,70,46.92,91,39.74,100,73.97
20.4,49.9,0.00,0.00,96,64.08,74,46.92,91,39.74,100,73.97
20.8,49.9,0.00,0.00,97,64.08,74,46.92,92,39.74,100,73.97
21.0,49.9,0.00,0.00,97,64.08,73,46.92,93,39.74,100,73.97
21.0,49.9,0.00,0.00,96,64.08,76,46.92,94,39.74,100,73.97
21.0,49.9,0.00,0.00,97,64.08,77,46.92,89,39.74,100,73.97
20.6,49.9,0.00,0.00,96,64.08,73,46.92,94,39.74,100,73.97
20.5,49.9,0.00,0.00,97,64.08,76,46.92,94,39.74,100,73.97
19.1,49.9,0.00,0.00,97,64.08,78,46.92,93,39.74,100,73.97
20.3,49.9,0.00,0.00,96,64.08,73,46.92,93,39.74,100,73.97
19.9,49.9,0.00,0.00,97,64.08,76,46.92,92,39.74,100,73.97
18.4,49.9,0.00,0.00,97,64.08,78,46.92,93,39.74,100,73.97
15.3,49.9,0.00,0.00,96,64.08,74,46.92,90,39.74,100,73.97
20.6,49.0,0.00,0.00,95,64.08,71,46.92,90,39.74,100,73.97
21.6,49.2,0.00,0.00,95,64.08,71,46.92,86,39.74,100,73.97
42.7,49.5,0.00,0.00,92,64.08,72,46.92,91,39.74,100,73.97
21.1,49.7,0.00,0.00,95,64.08,72,46.92,88,39.74,100,73.97
22.2,49.9,0.00,0.00,97,64.08,76,46.92,93,39.74,100,73.97
21.3,49.9,0.00,0.00,97,64.08,77,46.92,92,39.74,100,73.97
19.6,48.9,0.00,0.00,97,64.08,77,46.92,46,39.74,100,73.97
21.4,49.1,0.00,0.00,96,64.08,72,46.92,92,39.74,100,73.97
100.0,49.3,0.00,0.00,96,64.4,71,46.92,89,39.74,100,73.97
24.6,48.7,0.00,0.00,63,64.4,69,46.92,87,39.74,100,73.97
67.9,49.1,0.00,0.00,96,64.4,71,46.92,86,39.74,100,73.97
20.9,49.4,0.00,0.00,96,64.4,71,46.92,91,39.74,100,73.97
21.2,49.7,0.00,0.00,97,64.4,68,46.92,86,39.74,100,73.97
28.2,49.9,0.00,0.00,97,64.4,76,46.92,91,39.74,100,73.97
20.1,49.9,0.00,0.00,97,64.4,79,46.92,89,39.74,100,73.97
19.6,49.9,0.00,0.00,97,64.4,77,46.92,92,39.74,100,73.97
20.3,49.9,0.00,0.00,97,64.4,76,46.92,92,39.74,100,73.97
21.3,49.9,0.00,0.00,97,64.4,77,46.92,90,39.74,100,73.97
17.5,49.9,0.00,0.00,97,64.4,79,46.92,95,39.74,100,73.97
21.2,49.0,0.00,0.00,97,64.4,72,46.92,90,39.74,100,73.97
21.3,49.3,0.00,0.00,94,64.4,75,46.92,88,39.74,100,73.97
21.7,49.5,0.00,0.00,96,64.4,72,46.92,87,39.74,100,73.97
94.9,49.7,0.00,0.00,97,64.4,65,46.92,89,39.74,100,73.97
20.4,49.9,0.00,0.00,96,64.4,71,46.92,91,39.74,100,73.97
20.0,49.9,0.00,0.00,97,64.4,75,46.92,94,39.74,100,73.97
20.0,49.9,0.00,0.00,98,64.4,72,46.92,94,39.74,100,73.97
20.5,49.9,0.00,0.00,98,64.4,76,46.92,94,39.74,100,73.97
20.1,49.9,0.00,0.00,96,64.4,76,46.92,92,39.74,100,73.97
19.9,49.9,0.00,0.00,98,64.4,73,46.92,93,39.74,100,73.97
19.6,49.9,0.00,0.00,97,64.4,75,46.92,94,39.74,100,73.97
23.2,49.8,0.00,0.00,96,64.4,74,46.92,60,39.74,100,73.97
24.1,49.1,0.00,0.00,97,64.4,66,46.92,90,39.74,100,73.97
78.4,49.3,0.00,0.00,94,64.4,74,46.92,90,39.74,100,73.97
21.1,49.5,0.00,0.00,96,64.4,74,46.92,87,39.74,100,73.97
21.8,49.8,0.00,0.00,95,64.4,74,46.92,88,39.74,100,73.97
19.0,49.9,0.00,0.00,97,64.4,74,46.92,93,39.74,100,73.97
20.2,49.9,0.00,0.00,98,64.4,75,46.92,94,39.74,100,73.97
20.9,49.9,0.00,0.00,97,64.4,77,46.92,94,39.74,100,73.97
20.7,44.7,0.00,0.00,97,64.4,77,24.93,94,39.74,100,73.97
20.8,44.7,0.00,0.00,98,64.4,76,24.93,93,39.74,100,73.97
21.0,44.7,0.00,0.00,98,64.4,76,24.93,93,39.74,100,73.97
19.1,44.7,0.00,0.00,98,64.4,79,24.93,90,39.74,65,83.0
22.8,43.8,0.00,0.00,97,64.4,72,24.93,93,39.74,93,83.0
22.0,44.0,0.00,0.00,94,64.4,69,24.93,93,39.74,91,83.0
23.5,44.3,0.00,0.00,96,64.4,74,24.93,93,39.74,93,83.0
53.6,44.5,0.00,0.00,95,64.4,70,24.93,93,39.74,91,83.0
19.8,44.7,0.00,0.00,97,64.4,70,24.93,93,39.74,95,83.0
19.8,44.7,0.00,0.00,97,64.4,76,24.93,94,39.74,96,83.0
21.6,44.7,0.00,0.00,96,64.4,74,24.93,92,39.74,96,83.0
20.6,44.7,0.00,0.00,97,64.4,70,24.93,93,39.74,95,83.0
20.8,44.7,0.00,0.00,97,64.4,74,24.93,95,39.74,95,83.0
20.0,44.7,0.00,0.00,97,64.4,72,24.93,95,39.74,96,83.0
19.2,44.7,0.00,0.00,97,64.4,76,24.93,94,39.74,95,83.0
21.1,39.5,0.00,0.00,56,33.67,73,24.93,94,39.74,95,83.0
23.0,39.5,0.00,0.00,97,33.67,74,24.93,77,39.74,94,83.0
72.4,38.7,0.00,0.00,96,33.67,71,24.93,87,39.74,95,83.0
46.7,38.9,0.00,0.00,96,33.67,73,24.93,88,39.74,89,83.0
85.4,38.2,0.00,0.00,95,33.67,0,24.93,85,39.74,93,83.0
17.7,38.6,0.00,0.00,96,33.67,0,24.93,87,39.74,87,83.0
15.9,38.9,0.00,0.00,94,33.67,0,24.93,88,39.74,96,83.0
22.1,39.2,0.00,0.00,97,33.67,0,24.93,90,39.74,95,83.0
15.8,39.3,0.00,0.00,95,33.67,0,24.93,93,39.74,94,83.0
20.7,39.4,0.00,0.00,97,33.67,75,24.93,93,39.74,96,83.0
20.4,39.4,0.00,0.00,97,33.67,70,24.93,92,39.74,95,83.0
20.3,39.5,0.00,0.00,95,33.67,75,24.93,95,39.74,96,83.0
19.3,39.4,0.00,0.00,96,33.67,74,24.93,94,39.74,95,83.0
19.5,39.4,0.00,0.00,96,33.67,75,24.93,93,39.74,96,83.0
20.7,39.4,0.00,0.00,97,33.67,74,24.93,94,39.74,95,83.0
20.4,39.4,0.00,0.00,97,33.67,75,24.93,95,39.74,95,83.0
20.8,39.4,0.00,0.00,97,33.67,76,24.93,94,39.74,96,83.0
20.5,39.4,0.00,0.00,97,33.67,76,24.93,95,39.74,95,83.0
20.5,39.4,0.00,0.00,97,33.67,76,24.93,95,39.74,96,83.0
19.8,39.4,0.00,0.00,97,33.67,75,24.93,92,39.74,96,83.0
20.7,39.4,0.00,0.00,97,33.67,74,24.93,94,39.74,96,83.0
19.9,39.4,0.00,0.00,97,33.67,72,24.93,93,39.74,96,83.0
19.1,39.4,0.00,0.00,97,33.67,77,24.93,89,39.74,96,83.0
18.9,39.4,0.00,0.00,97,33.67,75,24.93,94,39.74,95,83.0
20.7,39.4,0.00,0.00,97,33.67,73,24.93,94,39.74,95,83.0
19.9,39.4,0.00,0.00,97,33.67,72,24.93,74,39.55,94,83.0
21.0,34.3,0.00,0.00,97,33.67,74,24.93,92,21.35,96,83.0
15.9,33.3,0.00,0.00,97,33.67,30,24.93,91,21.35,95,83.0
15.5,33.5,0.00,0.00,97,33.67,0,24.93,92,21.35,93,83.0
15.7,33.7,0.00,0.00,94,33.67,0,24.93,92,21.35,94,83.0
94.7,33.9,0.00,0.00,97,33.67,0,24.93,89,21.35,96,83.0
81.7,34.1,0.00,0.00,96,33.67,0,24.93,91,21.35,94,83.0
20.2,34.3,0.00,0.00,97,33.67,76,24.93,92,21.35,95,83.0
21.9,34.3,0.00,0.00,97,33.67,76,24.93,92,21.35,95,83.0
21.0,34.3,0.00,0.00,97,33.67,73,24.93,94,21.35,96,83.0
20.0,34.3,0.00,0.00,97,33.67,78,24.93,95,21.35,94,83.0
20.5,34.3,0.00,0.00,97,33.67,74,24.93,92,21.35,96,83.0
21.3,34.3,0.00,0.00,97,33.67,75,24.93,95,21.35,96,83.0
20.4,34.3,0.00,0.00,97,33.67,74,24.93,91,21.35,96,83.0
20.0,34.3,0.00,0.00,96,33.67,77,24.93,94,21.35,96,83.0
21.4,34.3,0.00,0.00,97,33.67,71,24.93,92,21.35,96,83.0
21.6,34.3,0.00,0.00,97,33.67,77,24.93,94,21.35,96,83.0
21.1,34.3,0.00,0.00,97,33.67,70,24.93,95,21.35,96,83.0
20.3,34.3,0.00,0.00,97,33.67,75,24.93,92,21.35,96,83.0
18.3,34.3,0.00,0.00,97,33.67,75,24.93,92,21.35,97,83.0
19.2,33.4,0.00,0.00,0,33.67,72,24.93,93,21.35,95,83.0
17.4,33.6,0.00,0.00,0,33.67,73,24.93,86,21.35,94,83.0
17.7,33.9,0.00,0.00,0,33.67,70,24.93,89,21.35,93,83.0
18.4,34.1,0.00,0.00,0,33.67,73,24.93,92,21.35,95,83.0
20.1,34.3,0.00,0.00,0,33.67,76,24.93,93,21.35,96,83.0
12.5,29.5,0.00,0.00,97,33.67,54,24.93,3,2.95,95,83.0
34.6,28.3,0.00,0.00,95,33.67,0,24.93,0,2.95,96,83.0
88.8,28.7,0.00,0.00,94,33.67,0,24.93,0,2.95,42,83.13
69.6,28.4,0.00,0.00,94,33.67,0,24.93,0,2.95,100,83.13
16.3,29.1,0.00,0.00,95,33.67,0,24.93,1,7.54,100,83.13
27.3,32.0,0.00,0.00,95,33.67,27,24.93,8,19.5,100,83.13
21.2,35.8,0.00,0.00,96,33.67,69,24.93,8,39.84,100,83.13
76.6,37.4,0.00,0.00,95,33.67,68,24.93,0,39.84,100,83.13
18.7,37.7,0.00,0.00,97,33.67,72,24.93,0,39.84,100,83.13
99.8,37.9,0.00,0.00,96,33.67,73,24.93,0,39.84,100,83.13
16.3,38.1,0.00,0.00,96,33.67,74,24.93,0,39.84,100,83.13
24.9,38.4,0.00,0.00,97,33.67,72,24.93,94,48.75,100,83.13
32.0,38.7,0.00,0.00,97,33.67,68,24.93,97,48.75,100,83.13
24.1,38.9,0.00,0.00,96,33.67,71,24.93,97,48.75,100,83.13
32.2,39.1,0.00,0.00,96,33.67,70,24.93,97,48.75,100,83.13
24.3,39.3,0.00,0.00,95,33.67,68,24.93,96,48.75,100,83.13
21.7,39.5,0.00,0.00,97,33.67,75,24.93,99,48.75,100,83.13
21.4,39.5,0.00,0.00,97,33.67,72,24.93,98,48.75,100,83.13
23.3,39.5,0.00,0.00,97,33.67,76,24.93,98,48.75,100,83.13
24.8,39.5,0.00,0.00,97,33.67,75,24.93,98,48.75,100,83.13
23.3,39.5,0.00,0.00,97,33.67,73,24.93,99,48.75,100,83.13
24.5,39.5,0.00,0.00,97,33.67,73,24.93,98,48.75,100,83.13
23.0,39.5,0.00,0.00,97,33.67,71,24.93,98,48.75,100,83.13
21.4,39.5,0.00,0.00,97,33.67,75,24.93,99,48.75,100,83.13
15.7,39.5,0.00,0.00,97,33.67,77,24.74,98,48.75,100,83.13
15.4,34.3,0.00,0.00,96,33.67,4,2.95,98,48.75,100,83.13
10.6,34.2,0.00,0.00,97,33.67,0,2.95,87,57.66,100,83.13
16.7,33.4,0.00,0.00,96,33.67,0,2.95,95,57.66,100,83.13
17.3,33.7,0.00,0.00,94,33.67,0,2.95,98,57.66,100,83.13
97.3,34.0,0.00,0.00,95,33.67,0,2.95,96,57.66,100,83.13
53.4,34.6,0.00,0.00,93,33.67,0,2.95,93,57.66,100,83.13
19.1,35.1,0.00,0.00,94,33.67,0,9.18,98,57.66,100,83.13
18.9,38.6,0.00,0.00,96,33.67,6,21.36,99,57.66,100,83.13
22.1,42.1,0.00,0.00,97,33.67,7,29.49,98,57.66,100,83.13
34.8,42.6,0.00,0.00,95,33.67,0,29.49,98,57.66,100,83.13
16.1,42.8,0.00,0.00,97,33.67,0,29.49,96,57.66,100,83.13
17.4,43.1,0.00,0.00,97,33.67,0,29.49,97,57.66,100,83.13
18.3,43.3,0.00,0.00,96,33.67,0,38.08,98,57.66,100,83.13
22.4,43.7,0.00,0.00,97,33.67,41,38.08,98,57.66,100,83.13
27.8,43.9,0.00,0.00,97,33.67,68,38.08,98,57.66,100,83.13
77.1,44.2,0.00,0.00,96,33.67,66,38.08,96,57.66,100,83.13
23.5,44.4,0.00,0.00,97,33.67,70,38.08,97,57.66,100,83.13
24.6,43.7,0.00,0.00,97,33.67,65,38.08,48,57.66,100,83.13
22.1,43.9,0.00,0.00,95,33.67,65,38.08,96,57.66,100,83.13
22.7,43.3,0.00,0.00,54,33.67,66,38.08,94,57.66,100,83.13
23.8,43.7,0.00,0.00,0,33.67,65,38.08,98,57.66,100,83.13
87.7,44.2,0.00,0.00,0,33.67,64,38.08,94,57.66,100,83.13
86.8,44.5,0.00,0.00,0,33.67,69,38.08,97,57.66,100,83.13
22.2,44.7,0.00,0.00,0,33.67,66,38.08,98,57.66,100,83.13
23.2,44.7,0.00,0.00,97,33.67,74,38.08,98,57.66,100,83.13
22.3,44.7,0.00,0.00,97,33.67,73,38.08,99,57.66,100,83.13
21.7,44.7,0.00,0.00,97,33.67,70,38.08,99,57.66,100,83.13
24.0,44.7,0.00,0.00,97,33.67,72,38.08,98,57.66,100,83.13
23.3,44.7,0.00,0.00,97,33.67,76,38.08,98,57.66,100,83.13
22.8,44.7,0.00,0.00,97,33.67,75,38.08,99,57.66,100,83.13
23.1,44.7,0.00,0.00,97,33.67,71,38.08,99,57.66,100,83.13
22.9,44.7,0.00,0.00,97,33.67,72,38.08,98,57.66,100,83.13
50.3,43.8,0.00,0.00,97,33.67,37,46.8,98,57.66,100,83.13
79.1,43.1,0.00,0.00,95,33.67,65,46.8,94,57.66,100,83.13
25.3,43.5,0.00,0.00,94,33.67,74,46.8,95,57.66,100,83.13
28.6,43.9,0.00,0.00,96,33.67,69,46.8,97,57.66,100,83.13
25.9,44.3,0.00,0.00,94,33.67,67,46.8,97,57.66,100,83.13
27.1,44.6,0.00,0.00,96,33.67,68,46.8,98,57.66,100,83.13
22.5,44.7,0.00,0.00,97,33.67,74,46.8,98,57.66,100,83.13
21.8,44.7,0.00,0.00,96,33.67,76,46.8,98,57.66,100,83.13
22.3,44.7,0.00,0.00,97,33.67,75,46.8,99,57.66,100,83.13
22.0,44.7,0.00,0.00,97,33.67,78,46.8,98,57.66,100,83.13
22.6,44.7,0.00,0.00,97,33.67,73,46.8,98,57.66,100,83.13
22.6,44.7,0.00,0.00,97,33.67,77,46.8,98,57.66,100,83.13
22.1,44.7,0.00,0.00,97,33.67,74,46.8,99,57.66,100,83.13
22.2,44.7,0.00,0.00,97,33.67,74,46.8,98,57.66,100,83.13
21.4,44.7,0.00,0.00,97,33.67,78,46.8,99,57.66,100,83.13
21.8,44.7,0.00,0.00,97,33.67,75,46.8,99,57.66,100,83.13
21.8,44.7,0.00,0.00,97,33.67,73,46.8,98,57.66,100,83.13
25.8,43.8,0.00,0.00,97,33.67,71,46.8,98,57.66,100,83.13
24.7,44.1,0.00,0.00,96,33.67,70,46.8,97,57.66,100,83.13
88.4,43.3,0.00,0.00,96,33.67,35,46.92,95,57.66,100,83.13
27.0,43.7,0.00,0.00,96,33.67,65,46.92,94,57.66,100,83.13
39.4,44.1,0.00,0.00,95,33.67,66,46.92,96,57.66,100,83.13
22.4,44.3,0.00,0.00,96,33.67,65,46.92,98,57.66,55,27.52
25.1,39.4,0.00,0.00,96,33.67,69,46.92,94,57.66,89,27.52
23.5,39.5,0.00,0.00,94,33.67,77,46.92,99,57.66,96,27.52
21.4,39.5,0.00,0.00,97,33.67,73,46.92,99,57.66,94,27.52
23.1,39.5,0.00,0.00,96,33.67,76,46.92,99,57.66,96,27.52
22.6,39.5,0.00,0.00,96,33.67,75,46.92,98,57.66,94,27.52
22.1,39.5,0.00,0.00,97,33.67,77,46.92,97,57.66,95,27.52
22.2,39.5,0.00,0.00,97,33.67,78,46.92,98,57.66,94,27.52
22.5,39.5,0.00,0.00,97,33.67,73,46.92,98,57.66,96,27.52
21.2,39.5,0.00,0.00,95,33.67,73,46.92,99,57.66,95,27.52
23.7,39.5,0.00,0.00,97,33.67,73,46.92,67,57.66,91,27.52
23.8,38.7,0.00,0.00,97,33.67,69,46.92,98,57.66,94,27.52
25.8,38.9,0.00,0.00,96,33.67,75,46.92,97,57.66,93,27.52
55.9,38.4,0.00,0.00,71,33.48,73,46.92,98,57.66,94,27.52
23.5,34.1,0.00,0.00,0,2.95,70,46.92,98,57.66,91,27.52
26.8,34.7,0.00,0.00,0,2.95,67,46.92,92,57.66,94,27.52
20.8,35.1,0.00,0.00,0,2.95,68,46.92,99,57.66,97,27.52
20.4,36.7,0.00,0.00,3,15.84,44,24.93,98,57.66,96,27.52
22.6,35.9,0.00,0.00,5,27.27,75,24.93,98,57.66,93,27.52
20.8,37.4,0.00,0.00,2,29.49,74,24.93,99,57.66,91,27.52
19.6,37.6,0.00,0.00,0,29.49,70,24.93,98,57.66,91,27.52
21.9,37.8,0.00,0.00,0,29.49,73,24.93,98,57.66,94,27.52
63.0,38.0,0.00,0.00,0,29.49,70,24.93,96,57.66,92,27.52
24.4,38.4,0.00,0.00,0,34.25,71,24.93,96,57.66,94,27.52
31.1,38.6,0.00,0.00,40,34.25,71,24.93,98,57.66,93,27.52
26.1,38.8,0.00,0.00,39,34.25,68,24.93,98,57.66,92,27.52
36.6,39.0,0.00,0.00,36,34.25,74,24.93,56,57.66,94,27.52
26.8,38.4,0.00,0.00,40,34.25,67,24.93,94,57.66,92,27.52
25.9,38.8,0.00,0.00,41,34.25,68,24.93,98,57.66,94,27.52
53.1,38.9,0.00,0.00,41,34.25,72,24.93,98,57.66,94,27.52
24.2,39.1,0.00,0.00,39,34.25,70,24.93,98,57.66,95,27.52
30.0,39.4,0.00,0.00,40,34.25,73,24.93,99,57.66,97,27.52
21.3,39.4,0.00,0.00,45,34.25,74,24.93,98,57.66,94,27.52
24.3,39.4,0.00,0.00,42,34.25,74,24.93,98,57.66,95,27.52
23.7,39.4,0.00,0.00,39,34.25,72,24.93,99,57.66,96,27.52
24.2,39.4,0.00,0.00,41,34.25,74,24.93,99,57.66,95,27.52
23.2,39.4,0.00,0.00,41,34.25,74,24.93,98,57.66,96,27.52
19.8,34.2,0.00,0.00,39,34.25,4,2.95,98,57.66,97,27.52
17.2,34.1,0.00,0.00,42,34.25,0,2.95,99,57.66,96,27.52
16.1,34.1,0.00,0.00,37,34.25,0,2.95,98,57.66,97,27.52
15.8,34.1,0.00,0.00,43,34.25,0,2.95,98,57.66,96,27.52
80.9,34.3,0.00,0.00,42,34.25,0,2.95,96,57.66,94,27.52
50.9,34.7,0.00,0.00,37,34.25,0,2.95,94,57.66,94,27.52
24.2,34.1,0.00,0.00,37,34.25,0,4.49,96,57.66,93,27.52
92.9,36.6,0.00,0.00,45,34.25,9,17.28,97,57.66,95,27.52
29.0,40.4,0.00,0.00,43,34.25,9,30.0,95,57.66,92,27.52
21.5,42.2,0.00,0.00,41,34.25,0,31.49,97,57.66,87,27.52
22.4,42.6,0.00,0.00,52,34.25,0,31.49,96,57.66,94,27.52
18.2,42.8,0.00,0.00,43,34.25,0,31.49,97,57.66,93,27.52
18.2,43.1,0.00,0.00,42,34.25,0,31.49,98,57.66,95,27.52
28.7,43.3,0.00,0.00,42,34.25,0,35.62,97,57.66,94,27.52
61.8,43.6,0.00,0.00,44,34.25,86,35.62,97,57.66,95,27.52
24.5,43.8,0.00,0.00,41,34.25,90,35.62,98,57.66,93,27.52
26.4,44.0,0.00,0.00,39,34.25,88,35.62,98,57.66,94,27.52
23.0,44.2,0.00,0.00,43,34.25,89,35.62,98,57.66,95,27.52
24.2,44.4,0.00,0.00,40,34.25,91,35.62,98,57.66,96,27.52
22.0,44.4,0.00,0.00,47,34.25,90,35.62,98,57.66,94,27.52
21.8,44.4,0.00,0.00,40,34.25,91,35.62,98,57.66,95,27.52
22.5,44.4,0.00,0.00,39,34.25,92,35.62,98,57.66,96,27.52
24.2,43.6,0.00,0.00,43,34.3,88,35.62,97,57.66,91,27.52
50.8,42.9,0.00,0.00,21,39.06,83,35.62,94,57.66,90,27.52
27.0,43.3,0.00,0.00,35,39.06,86,35.62,96,57.66,85,27.52
89.7,43.8,0.00,0.00,35,39.06,87,35.62,95,57.66,89,27.52
34.8,44.2,0.00,0.00,40,39.06,84,35.62,98,57.66,92,27.52
27.7,44.4,0.00,0.00,39,39.06,90,35.62,98,57.66,49,27.52
20.1,43.4,0.00,0.00,41,39.06,93,35.62,98,57.66,5,2.95
18.8,39.3,0.00,0.00,44,39.06,92,35.62,98,57.66,0,2.95
19.1,39.3,0.00,0.00,42,39.06,94,35.62,99,57.66,0,2.95
22.5,39.5,0.00,0.00,42,39.06,88,35.62,95,57.66,0,2.95
26.7,40.1,0.00,0.00,37,39.06,82,35.62,92,57.66,0,2.95
21.6,40.5,0.00,0.00,37,39.18,87,35.62,98,57.66,3,10.3
26.3,44.6,0.00,0.00,43,49.46,93,35.62,97,57.66,7,22.38
26.9,51.8,0.00,0.00,45,61.13,95,35.62,98,57.66,4,30.68
22.4,55.6,0.00,0.00,45,66.79,89,35.62,94,57.66,0,30.68
24.3,56.0,0.00,0.00,40,66.79,87,35.62,98,57.66,0,30.68
86.7,54.5,0.00,0.00,37,66.79,36,39.74,94,57.66,0,30.68
26.8,55.3,0.00,0.00,37,66.79,91,39.74,93,57.66,0,30.68
25.4,56.1,0.00,0.00,41,70.92,88,39.74,94,57.66,60,34.81
84.1,57.1,0.00,0.00,95,70.92,87,39.74,91,57.66,85,34.81
37.6,57.9,0.00,0.00,92,70.92,82,39.74,91,57.66,81,34.81
94.0,58.6,0.00,0.00,92,70.92,87,39.74,89,57.66,89,34.81
30.8,59.0,0.00,0.00,91,70.92,84,39.74,92,57.66,83,34.81
51.9,59.4,0.00,0.00,91,70.92,87,39.74,97,57.66,91,34.81
29.3,59.6,0.00,0.00,97,70.92,92,39.74,98,57.66,84,34.81
29.7,59.6,0.00,0.00,93,70.92,90,39.74,97,57.66,88,34.81
29.2,59.6,0.00,0.00,96,70.92,93,39.74,98,57.66,90,34.81
27.6,59.6,0.00,0.00,97,70.92,89,39.74,98,57.66,87,34.81
28.0,59.6,0.00,0.00,97,70.92,90,39.74,98,57.66,89,34.81
29.1,59.6,0.00,0.00,97,70.92,87,39.74,98,57.66,87,34.81
28.0,59.6,0.00,0.00,95,70.92,88,39.74,98,57.66,91,34.81
28.9,59.6,0.00,0.00,97,70.92,89,39.74,63,57.66,83,34.81
30.7,58.7,0.00,0.00,96,70.92,90,39.74,97,57.66,87,34.81
30.6,58.9,0.00,0.00,96,70.92,93,39.74,97,57.66,89,34.83
34.2,57.4,0.00,0.00,73,75.7,86,39.74,94,57.66,55,39.6
51.3,57.7,0.00,0.00,71,75.7,86,39.74,93,57.66,57,39.6
41.8,58.3,0.00,0.00,76,75.7,86,39.74,94,57.66,63,39.6
32.2,58.8,0.00,0.00,70,75.7,87,39.74,92,57.66,60,39.6
97.7,59.2,0.00,0.00,74,75.7,87,39.74,95,57.66,48,39.6
33.0,59.6,0.00,0.00,82,75.7,87,39.74,94,57.66,57,39.6
28.3,59.6,0.00,0.00,74,75.7,91,39.74,98,57.66,63,39.6
26.9,59.6,0.00,0.00,74,75.7,91,39.74,98,57.66,61,39.6
28.2,58.6,0.00,0.00,71,75.75,92,39.74,97,57.66,52,39.6
32.5,58.8,0.00,0.00,80,75.75,63,39.74,97,57.66,57,39.6
32.9,58.2,0.00,0.00,76,75.75,72,39.74,95,57.66,52,39.6
32.1,58.6,0.00,0.00,84,75.75,90,39.74,95,57.66,48,39.6
30.3,59.0,0.00,0.00,82,75.75,87,39.74,94,57.66,52,39.6
29.0,59.0,0.00,0.00,80,75.75,90,39.74,59,57.66,54,39.6
53.0,58.6,0.00,0.00,79,75.75,91,39.74,95,57.66,69,39.6
30.1,59.0,0.00,0.00,72,75.75,93,39.74,98,57.66,61,39.6
30.3,59.2,0.00,0.00,75,75.75,88,39.74,94,57.66,52,39.6
29.9,59.3,0.00,0.00,77,75.75,92,39.74,96,57.66,48,39.6
29.8,59.5,0.00,0.00,75,75.75,89,39.74,96,57.66,58,39.6
27.8,59.6,0.00,0.00,80,75.75,88,39.74,98,57.66,60,39.6
26.7,59.6,0.00,0.00,73,75.75,94,39.74,98,57.66,43,39.67
32.2,57.6,0.00,0.00,55,75.83,93,39.74,92,57.66,88,39.67
34.0,58.0,0.00,0.00,94,75.83,87,39.74,96,57.66,91,39.67
75.7,58.4,0.00,0.00,92,75.83,90,39.74,91,57.66,85,39.67
31.0,58.8,0.00,0.00,92,75.83,90,39.74,95,57.66,84,39.67
34.6,59.2,0.00,0.00,93,75.83,88,39.74,97,57.66,87,39.67
23.7,59.6,0.00,0.00,95,75.83,84,39.74,77,57.66,89,39.67
27.4,59.6,0.00,0.00,97,75.83,95,39.74,98,57.66,90,39.67
29.4,59.6,0.00,0.00,96,75.83,94,39.74,98,57.66,90,39.67
28.6,59.1,0.00,0.00,97,75.83,94,39.74,46,30.31,91,39.67
27.1,54.4,0.00,0.00,97,75.83,93,39.74,98,30.31,86,39.67
30.8,54.4,0.00,0.00,96,75.83,95,39.74,97,30.31,91,39.67
28.1,54.4,0.00,0.00,97,75.83,94,39.74,98,30.31,92,39.67
28.1,54.4,0.00,0.00,97,75.83,94,39.74,98,30.31,93,39.67
27.9,54.4,0.00,0.00,97,75.83,95,39.74,97,30.31,89,39.67
28.9,54.4,0.00,0.00,96,75.83,94,39.74,98,30.31,85,39.67
23.9,54.4,0.00,0.00,95,75.83,80,39.74,98,30.31,91,39.67
29.9,53.6,0.00,0.00,97,75.83,86,39.74,97,30.31,39,39.67
34.9,52.1,0.00,0.00,64,75.83,82,39.74,92,30.31,47,39.67
92.4,52.7,0.00,0.00,76,75.83,85,39.74,90,30.31,53,39.67
30.3,53.3,0.00,0.00,75,75.83,84,39.74,95,30.31,51,39.67
50.7,53.9,0.00,0.00,82,75.83,85,39.74,93,30.31,54,39.67
31.7,54.3,0.00,0.00,75,75.83,84,39.74,93,30.31,53,39.67
28.2,54.4,0.00,0.00,84,75.83,92,39.74,98,30.31,59,39.67
28.0,54.4,0.00,0.00,78,75.83,91,39.74,98,30.31,56,39.67
21.1,53.4,0.00,0.00,79,75.83,91,39.74,5,2.95,59,39.67
19.6,49.3,0.00,0.00,82,75.83,91,39.74,0,2.95,69,39.67
20.6,49.3,0.00,0.00,78,75.83,94,39.74,0,2.95,52,39.67
22.9,49.5,0.00,0.00,82,75.83,89,39.74,0,2.95,46,39.67
23.4,50.0,0.00,0.00,83,75.83,92,39.74,0,2.95,65,39.67
23.8,50.6,0.00,0.00,79,75.83,94,39.74,1,7.87,67,39.67
25.0,51.9,0.00,0.00,70,75.83,91,39.74,5,15.45,68,39.67
23.9,54.6,0.00,0.00,76,75.83,86,39.74,9,26.09,68,39.67
29.4,56.7,0.00,0.00,74,75.83,90,39.74,5,36.79,61,39.67
23.9,57.2,0.00,0.00,87,75.83,91,39.74,0,44.26,62,39.67
97.7,57.6,0.00,0.00,72,75.83,87,39.74,0,44.26,57,39.67
20.9,57.9,0.00,0.00,77,75.83,91,39.74,0,44.26,59,39.67
22.8,58.1,0.00,0.00,81,75.83,92,39.74,0,44.26,42,39.67
91.9,56.5,0.00,0.00,67,75.83,85,39.74,15,73.97,87,39.67
30.5,57.3,0.00,0.00,94,75.83,87,39.74,100,73.97,82,39.67
30.6,57.8,0.00,0.00,94,75.83,84,39.74,99,73.97,85,39.67
29.1,58.3,0.00,0.00,92,75.83,86,39.74,100,73.97,87,39.67
44.9,59.0,0.00,0.00,91,75.83,87,39.74,100,73.97,88,39.67
23.2,59.5,0.00,0.00,92,75.83,78,39.74,99,73.97,86,39.67
24.8,58.8,0.00,0.00,96,75.83,91,39.74,99,73.97,88,39.67
24.6,59.0,0.00,0.00,97,75.83,92,39.74,100,73.97,89,39.67
24.8,59.3,0.00,0.00,97,75.83,90,39.74,100,73.97,90,39.67
26.9,59.5,0.00,0.00,98,75.83,91,39.74,99,73.97,94,39.67
22.9,59.6,0.00,0.00,96,75.83,94,39.74,100,73.97,94,39.67
23.7,59.6,0.00,0.00,98,75.83,94,39.74,100,73.97,92,39.67
23.5,59.6,0.00,0.00,97,75.83,93,39.74,100,73.97,91,39.67
24.1,59.6,0.00,0.00,97,75.83,93,39.74,100,73.97,92,39.67
23.2,59.6,0.00,0.00,98,75.83,94,39.74,100,73.97,91,39.67
23.7,59.6,0.00,0.00,98,75.83,94,39.74,100,73.97,25,21.15
24.7,49.8,0.00,0.00,59,57.31,93,39.74,100,73.97,52,21.15
22.7,49.5,0.00,0.00,87,57.31,93,39.74,100,73.97,63,21.15
23.2,49.5,0.00,0.00,83,57.31,94,39.74,100,73.97,57,21.15
23.2,49.5,0.00,0.00,81,57.31,94,39.74,100,73.97,66,21.15
23.1,49.5,0.00,0.00,81,57.31,94,39.74,100,73.97,68,21.15
23.4,49.5,0.00,0.00,80,57.31,93,39.74,100,73.97,60,21.15
22.5,49.5,0.00,0.00,81,57.31,94,39.74,100,73.97,62,21.15
22.8,49.5,0.00,0.00,79,57.31,94,39.74,100,73.97,62,21.15
21.7,49.5,0.00,0.00,83,57.31,93,39.74,100,73.97,69,21.15
22.8,49.5,0.00,0.00,79,57.31,94,39.74,100,73.97,57,21.15
22.9,49.5,0.00,0.00,87,57.31,90,39.74,100,73.97,67,21.15
23.0,49.5,0.00,0.00,79,57.31,94,39.74,100,73.97,67,21.15
22.4,49.5,0.00,0.00,84,57.31,94,39.74,100,73.97,54,21.15
23.6,49.5,0.00,0.00,86,57.31,93,39.74,100,73.97,61,21.15
23.3,49.5,0.00,0.00,80,57.31,93,39.74,100,73.97,56,21.15
23.0,49.5,0.00,0.00,87,57.31,88,39.74,100,73.97,74,21.15
24.6,49.5,0.00,0.00,77,57.31,92,39.74,100,73.97,55,21.15
22.9,49.5,0.00,0.00,83,57.31,94,39.74,100,73.97,68,21.15
88.8,47.3,0.00,0.00,64,57.31,53,21.35,100,73.97,70,20.95
20.1,38.0,0.00,0.00,44,39.11,89,21.35,100,73.97,3,2.95
16.5,33.8,0.00,0.00,40,39.11,90,21.35,100,73.97,0,2.95
20.1,34.2,0.00,0.00,41,39.11,88,21.35,100,73.97,0,2.95
85.7,34.7,0.00,0.00,37,39.11,83,21.35,100,73.97,0,2.95
18.1,35.1,0.00,0.00,41,39.11,95,21.35,100,73.97,5,13.59
19.7,38.2,0.00,0.00,60,39.11,93,21.35,100,73.97,8,25.97
20.1,41.8,0.00,0.00,58,39.11,93,21.35,100,73.97,0,31.49
17.5,42.6,0.00,0.00,47,39.11,91,21.35,100,73.97,0,31.49
16.7,42.8,0.00,0.00,41,39.11,92,21.35,100,73.97,0,31.49
16.3,43.0,0.00,0.00,41,39.11,91,21.35,100,73.97,0,31.49
16.2,43.2,0.00,0.00,38,39.11,91,21.35,100,73.97,0,35.62
34.0,43.6,0.00,0.00,39,39.11,90,21.35,100,73.97,82,35.62
22.2,43.8,0.00,0.00,44,39.11,88,21.35,100,73.97,87,35.62
21.5,43.9,0.00,0.00,40,39.11,90,21.35,100,73.97,86,35.62
21.4,44.1,0.00,0.00,46,39.11,93,21.35,100,73.97,88,35.62
82.8,44.4,0.00,0.00,42,39.11,89,21.35,100,73.97,89,35.62
20.9,44.5,0.00,0.00,43,39.11,89,21.35,100,73.97,92,35.62
20.0,44.5,0.00,0.00,42,39.11,92,21.35,100,73.97,92,35.62
20.1,44.5,0.00,0.00,43,39.11,94,21.35,100,73.97,92,35.62
20.5,44.5,0.00,0.00,46,39.11,95,21.35,100,73.97,93,35.62
19.4,44.5,0.00,0.00,45,39.11,94,21.35,100,73.97,94,35.62
20.2,44.5,0.00,0.00,41,39.11,95,21.35,100,73.97,94,35.62
18.2,44.5,0.00,0.00,43,39.11,94,21.35,45,83.0,91,35.62
22.9,43.6,0.00,0.00,41,39.11,88,21.35,89,83.0,89,35.62
22.2,43.9,0.00,0.00,40,39.11,88,21.35,86,83.0,92,35.62
18.3,44.1,0.00,0.00,39,39.11,78,21.15,84,83.0,92,35.62
68.6,39.1,0.00,0.00,45,39.11,0,2.95,90,83.0,91,35.62
15.7,39.3,0.00,0.00,48,39.11,0,2.95,96,83.0,95,35.62
15.0,39.3,0.00,0.00,48,39.11,0,2.95,96,83.0,91,35.62
18.6,39.6,0.00,0.00,41,39.11,0,2.95,81,83.0,84,35.62
21.7,40.3,0.00,0.00,35,39.11,0,2.95,88,83.0,88,35.62
22.5,42.1,0.00,0.00,40,43.92,1,10.35,96,83.0,92,35.62
22.4,48.8,0.00,0.00,45,55.56,8,22.38,96,83.0,93,35.62
28.0,55.7,0.00,0.00,50,70.89,7,34.86,93,83.0,88,35.62
19.8,55.0,0.00,0.00,41,71.02,0,34.86,86,83.0,87,39.74
53.7,54.7,0.00,0.00,38,71.02,0,34.86,81,83.0,84,39.74
27.8,55.6,0.00,0.00,34,71.02,0,34.86,84,83.0,82,39.74
96.5,56.4,0.00,0.00,38,71.02,0,34.86,79,83.0,84,39.74
93.5,57.4,0.00,0.00,73,75.78,44,39.62,90,83.0,89,39.74
29.2,58.0,0.00,0.00,83,75.78,47,39.62,87,83.0,83,39.74
28.3,58.6,0.00,0.00,74,75.78,58,39.62,86,83.0,87,39.74
31.5,59.1,0.00,0.00,77,75.78,55,39.62,88,83.0,87,39.74
28.3,59.5,0.00,0.00,82,75.78,64,39.62,91,83.0,93,39.74
22.9,59.8,0.00,0.00,84,75.78,48,39.62,94,83.0,94,39.74
25.4,59.8,0.00,0.00,83,75.78,56,39.62,95,83.0,94,39.74
22.7,59.8,0.00,0.00,89,75.78,45,39.62,96,83.0,94,39.74
24.1,59.8,0.00,0.00,84,75.78,53,39.62,95,83.0,93,39.74
23.0,59.8,0.00,0.00,80,75.78,54,39.62,94,83.0,93,39.74
23.1,59.8,0.00,0.00,89,75.78,45,39.62,92,83.0,93,39.74
23.6,59.8,0.00,0.00,82,75.78,58,39.62,93,83.0,93,39.74
22.3,59.8,0.00,0.00,80,75.78,57,39.62,95,83.0,95,39.74
22.9,59.8,0.00,0.00,84,75.78,56,39.62,95,83.0,94,39.74
23.5,59.8,0.00,0.00,85,75.78,54,39.62,96,83.0,92,39.74
24.5,59.8,0.00,0.00,85,75.78,48,39.62,96,83.0,94,39.74
24.5,59.8,0.00,0.00,95,75.78,43,39.62,93,83.0,92,39.74
23.7,59.8,0.00,0.00,94,75.78,37,39.62,89,83.0,94,39.74
23.9,59.8,0.00,0.00,80,75.78,59,39.62,90,83.0,94,39.74
23.7,58.1,0.00,0.00,70,85.13,51,48.97,95,83.0,87,39.74
34.4,58.2,0.00,0.00,100,85.13,98,48.97,91,83.0,83,39.74
57.2,58.7,0.00,0.00,100,85.13,98,48.97,83,83.0,86,39.74
29.1,59.1,0.00,0.00,100,85.13,99,48.97,86,83.0,83,39.74
25.4,58.5,0.00,0.00,99,85.13,99,48.97,90,83.0,76,39.74
27.6,59.0,0.00,0.00,100,85.13,99,48.97,87,83.0,94,39.74
44.2,59.2,0.00,0.00,100,85.13,99,48.97,90,83.0,91,39.74
26.3,59.5,0.00,0.00,100,85.13,99,48.97,90,83.0,86,39.74
27.4,59.7,0.00,0.00,100,85.13,99,48.97,94,83.0,86,39.74
23.8,59.8,0.00,0.00,100,85.13,100,48.97,95,83.0,93,39.74
23.6,59.8,0.00,0.00,100,85.13,99,48.97,95,83.0,94,39.74
22.9,59.8,0.00,0.00,100,85.13,99,48.97,94,83.0,94,39.74
25.7,59.8,0.00,0.00,100,85.13,99,48.99,94,83.0,92,39.74
97.7,58.0,0.00,0.00,69,85.15,48,48.99,91,83.0,90,39.74
27.6,58.4,0.00,0.00,90,85.15,48,48.99,90,83.0,87,39.74
29.1,58.8,0.00,0.00,76,85.15,54,48.99,90,83.0,88,39.74
30.7,59.2,0.00,0.00,75,85.15,55,48.99,89,83.0,85,39.74
59.0,59.6,0.00,0.00,80,85.15,50,48.99,87,83.0,92,39.74
19.5,59.8,0.00,0.00,87,85.15,51,48.99,95,83.0,95,39.74
25.9,59.0,0.00,0.00,80,85.15,54,48.99,89,83.0,91,39.74
25.5,59.2,0.00,0.00,80,85.15,57,48.99,90,83.0,91,39.74
25.2,59.4,0.00,0.00,82,85.15,49,48.99,92,83.0,91,39.74
28.7,59.6,0.00,0.00,76,85.15,55,48.99,68,83.13,86,39.74
36.8,59.0,0.00,0.00,75,85.15,57,48.99,100,83.13,89,39.74
24.9,59.2,0.00,0.00,82,85.15,55,48.99,100,83.13,90,39.74
24.5,59.4,0.00,0.00,82,85.15,61,48.99,100,83.13,90,39.74
25.5,59.7,0.00,0.00,81,85.15,56,48.99,100,83.13,91,39.74
23.7,59.8,0.00,0.00,83,85.15,60,48.99,100,83.13,94,39.74
22.9,59.8,0.00,0.00,82,85.15,57,48.99,100,83.13,93,39.74
23.9,59.8,0.00,0.00,83,85.15,56,48.99,100,83.13,93,39.74
18.8,59.8,0.00,0.00,84,85.15,63,48.99,100,83.13,64,39.74
23.1,59.0,0.00,0.00,76,85.15,62,48.99,100,83.13,93,39.74
30.3,59.2,0.00,0.00,82,85.15,65,48.99,100,83.13,87,39.74
30.7,57.8,0.00,0.00,87,85.15,98,48.99,100,83.13,86,39.74
29.6,58.4,0.00,0.00,99,85.15,99,48.99,99,83.13,85,39.74
55.9,59.0,0.00,0.00,100,85.15,99,48.99,100,83.13,88,39.74
33.4,59.4,0.00,0.00,100,85.15,98,48.99,100,83.13,85,39.74
25.6,59.8,0.00,0.00,100,85.15,99,48.99,100,83.13,92,39.74
25.2,59.8,0.00,0.00,100,85.15,99,48.99,100,83.13,93,39.74
24.4,59.8,0.00,0.00,100,85.15,99,48.99,100,83.13,92,39.74
23.5,59.8,0.00,0.00,100,85.15,99,48.99,100,83.13,93,39.74
22.9,59.8,0.00,0.00,100,85.15,99,48.99,100,83.13,91,39.74
24.7,59.8,0.00,0.00,100,85.15,99,48.99,100,83.13,91,39.74
24.1,59.8,0.00,0.00,100,85.15,99,48.99,100,83.13,92,39.74
24.1,59.8,0.00,0.00,100,85.15,99,48.99,100,83.13,93,39.74
27.1,57.9,0.00,0.00,100,85.15,73,48.99,100,83.13,86,39.74
32.1,58.3,0.00,0.00,76,85.15,49,48.99,99,83.13,87,39.74
32.3,58.7,0.00,0.00,81,85.15,64,48.99,100,83.13,89,39.74
27.3,59.2,0.00,0.00,71,85.15,55,48.99,100,83.13,87,39.74
41.2,59.6,0.00,0.00,75,85.15,62,48.99,100,83.13,92,39.74
22.5,59.8,0.00,0.00,86,85.15,43,48.99,100,83.13,95,39.74
22.4,59.8,0.00,0.00,81,85.15,63,48.99,100,83.13,93,39.74
21.9,59.8,0.00,0.00,83,85.15,63,48.99,100,83.13,92,39.74
21.7,59.8,0.00,0.00,83,85.15,66,48.99,100,83.13,93,39.74
22.3,59.8,0.00,0.00,82,85.15,49,48.99,100,83.13,93,39.74
22.5,59.8,0.00,0.00,86,85.15,56,48.99,100,83.13,93,39.74
22.8,59.8,0.00,0.00,87,85.15,45,48.99,100,83.13,51,39.74
24.9,59.0,0.00,0.00,82,85.15,64,48.99,100,83.13,91,39.74
24.7,59.2,0.00,0.00,78,85.15,64,48.99,100,83.13,88,39.74
24.3,59.3,0.00,0.00,79,85.15,68,48.99,100,83.13,87,39.74
23.7,59.6,0.00,0.00,84,85.15,50,48.99,100,83.13,91,39.74
27.1,58.8,0.00,0.00,76,67.07,51,48.99,100,83.13,93,39.74
23.7,54.7,0.00,0.00,80,67.07,67,48.99,100,83.13,92,39.74
23.7,54.7,0.00,0.00,85,67.07,54,48.99,100,83.13,94,39.74
23.3,54.7,0.00,0.00,81,67.07,65,48.99,100,83.13,92,39.74
29.1,52.9,0.00,0.00,96,67.07,99,48.99,100,83.13,87,39.74
76.3,53.4,0.00,0.00,100,67.07,99,48.99,100,83.13,85,39.74
32.4,53.7,0.00,0.00,100,67.07,99,48.99,100,83.13,87,39.74
28.3,54.1,0.00,0.00,100,67.07,99,48.99,100,83.13,88,39.74
39.9,54.6,0.00,0.00,100,67.07,98,48.99,99,83.13,85,39.74
24.7,54.7,0.00,0.00,100,67.07,99,48.99,100,83.13,89,39.74
23.5,54.7,0.00,0.00,100,67.07,99,48.99,100,83.13,91,39.74
24.2,54.7,0.00,0.00,100,67.07,99,48.99,100,83.13,91,39.74
23.9,54.7,0.00,0.00,100,67.07,99,48.99,100,83.13,91,39.74
24.8,54.7,0.00,0.00,100,67.07,99,48.99,100,83.13,93,39.74
23.6,54.7,0.00,0.00,100,67.07,99,48.99,100,83.13,92,39.74
23.9,54.7,0.00,0.00,100,67.07,99,48.99,100,83.13,92,39.74
31.5,54.7,0.00,0.00,100,67.07,54,48.99,100,83.13,85,39.74
97.7,53.0,0.00,0.00,84,67.07,46,48.99,100,83.13,88,39.74
28.6,53.4,0.00,0.00,82,67.07,56,48.99,100,83.13,86,39.74
26.4,53.8,0.00,0.00,75,67.07,55,48.99,100,83.13,86,39.74
50.4,54.3,0.00,0.00,81,67.07,49,48.99,42,83.13,90,39.74
30.5,53.8,0.00,0.00,88,67.07,48,48.99,90,83.13,87,39.74
25.1,53.1,0.00,0.00,83,67.07,57,48.99,88,83.13,90,39.74
27.5,53.5,0.00,0.00,86,67.07,46,48.99,89,83.13,86,39.74
45.8,53.9,0.00,0.00,81,67.07,54,48.99,89,83.13,88,39.74
26.1,54.3,0.00,0.00,83,67.07,54,48.99,91,83.13,88,39.74
24.7,54.5,0.00,0.00,89,67.07,47,48.99,92,83.13,91,39.74
24.5,54.7,0.00,0.00,85,67.07,58,48.99,94,83.13,93,39.74
23.4,54.7,0.00,0.00,85,67.07,55,48.99,95,83.13,95,39.74
22.9,54.7,0.00,0.00,77,67.07,57,48.99,95,83.13,91,39.74
23.9,54.7,0.00,0.00,86,67.07,52,48.99,95,83.13,93,39.74
23.3,54.6,0.00,0.00,86,67.07,53,48.99,94,83.13,94,39.74
22.1,54.6,0.00,0.00,83,67.07,51,48.99,93,83.13,92,39.74
23.5,54.6,0.00,0.00,87,67.07,49,48.99,94,83.13,92,39.74
21.9,54.6,0.00,0.00,80,67.07,65,48.99,92,83.13,94,39.74
23.5,54.6,0.00,0.00,84,67.07,52,48.99,93,83.13,94,39.74
64.7,52.9,0.00,0.00,77,67.07,98,48.99,92,83.13,88,39.74
27.6,53.2,0.00,0.00,100,67.07,99,48.99,89,83.13,89,39.74
35.9,53.7,0.00,0.00,100,67.07,99,48.99,88,83.13,85,39.74
30.1,54.0,0.00,0.00,100,67.07,99,48.99,90,83.13,87,39.74
100.0,54.4,0.00,0.00,99,67.07,99,48.99,90,83.13,92,39.74
23.8,54.7,0.00,0.00,100,67.07,99,48.99,95,83.13,92,39.74
23.4,54.7,0.00,0.00,100,67.07,99,48.99,95,83.13,93,39.74
25.1,54.7,0.00,0.00,100,67.07,99,48.99,96,83.13,92,39.74
24.1,54.6,0.00,0.00,100,67.07,99,48.99,94,83.13,94,39.74
21.7,54.6,0.00,0.00,100,67.07,99,48.99,93,83.13,93,39.74
22.9,54.6,0.00,0.00,100,67.07,99,48.99,92,83.13,93,39.74
21.3,49.5,0.00,0.00,99,48.99,99,48.99,96,83.13,92,39.74
26.4,49.5,0.00,0.00,99,48.99,55,48.99,94,83.13,64,39.74
68.9,46.9,0.00,0.00,46,48.99,51,48.99,88,83.13,85,39.74
24.5,47.6,0.00,0.00,51,48.99,66,48.99,87,83.13,85,39.74
27.1,48.3,0.00,0.00,72,48.99,49,48.99,85,83.13,78,39.74
30.3,49.2,0.00,0.00,44,48.99,55,48.99,83,83.13,89,39.74
25.1,50.2,0.00,0.00,52,48.99,52,48.99,87,83.13,93,46.92
21.6,52.3,0.00,0.00,49,48.99,71,48.99,95,83.13,94,58.69
22.2,55.9,0.00,0.00,68,48.99,58,48.99,95,83.13,92,68.28
21.4,57.8,0.00,0.00,66,48.99,56,48.99,92,83.13,90,68.28
20.9,58.0,0.00,0.00,68,48.99,52,48.99,94,83.13,93,68.28
69.6,58.2,0.00,0.00,46,48.99,63,48.99,94,83.13,87,68.28
21.6,58.4,0.00,0.00,60,48.99,56,48.99,92,83.13,88,72.41
22.5,58.8,0.00,0.00,48,48.99,48,48.99,90,83.13,98,72.41
21.9,58.9,0.00,0.00,73,48.99,46,48.99,91,83.13,99,72.41
23.3,59.2,0.00,0.00,61,48.99,54,48.99,90,83.13,98,72.41
57.1,59.4,0.00,0.00,67,48.99,52,48.99,93,83.13,98,72.41
22.7,59.6,0.00,0.00,69,48.99,49,48.99,93,83.13,100,72.41
22.2,59.8,0.00,0.00,60,48.99,54,48.99,96,83.13,100,72.41
21.3,59.8,0.00,0.00,74,48.99,58,48.99,95,83.13,98,72.41
30.6,59.8,0.00,0.00,59,48.99,36,48.99,90,83.13,97,72.41
93.1,58.2,0.00,0.00,96,48.99,99,48.99,87,83.13,100,72.41
27.2,58.6,0.00,0.00,99,48.99,99,48.99,90,83.13,98,72.41
26.7,59.0,0.00,0.00,98,48.99,99,48.99,91,83.13,99,72.41
54.3,59.4,0.00,0.00,99,48.99,99,48.99,88,83.13,98,72.41
25.5,59.8,0.00,0.00,100,48.99,99,48.99,94,83.13,98,72.41
24.1,59.8,0.00,0.00,100,48.99,99,48.99,95,83.13,98,72.41
23.9,59.8,0.00,0.00,99,48.99,99,48.99,95,83.13,98,72.41
24.1,59.8,0.00,0.00,99,48.99,100,48.99,95,83.13,99,72.41
22.0,59.8,0.00,0.00,99,48.99,99,48.99,93,83.13,98,72.41
33.6,58.9,0.00,0.00,99,48.99,99,48.99,100,83.13,99,72.41
24.8,59.1,0.00,0.00,99,48.99,99,48.99,100,83.13,99,72.41
72.3,57.4,0.00,0.00,62,48.99,24,48.99,99,83.13,98,72.41
30.4,58.1,0.00,0.00,46,48.99,58,48.99,100,83.13,99,72.41
35.6,58.7,0.00,0.00,46,48.99,53,48.99,99,83.13,98,72.41
32.4,59.2,0.00,0.00,66,48.99,47,48.99,100,83.13,99,72.41
81.4,59.5,0.00,0.00,54,48.99,55,48.99,100,83.13,99,72.41
21.5,59.8,0.00,0.00,64,48.99,53,48.99,100,83.13,99,72.41
20.2,59.8,0.00,0.00,51,48.99,55,48.99,100,83.13,99,72.41
19.9,59.8,0.00,0.00,56,48.99,54,48.99,100,83.13,99,72.41
19.2,59.8,0.00,0.00,60,48.99,54,48.99,100,83.13,98,72.41
20.1,59.8,0.00,0.00,54,48.99,56,48.99,100,83.13,98,72.41
19.7,59.8,0.00,0.00,70,48.99,44,48.99,100,83.13,98,72.21
23.1,54.8,0.00,0.00,63,48.99,54,48.99,100,83.13,98,54.01
20.1,54.6,0.00,0.00,62,48.99,51,48.99,100,83.13,99,54.01
20.3,54.6,0.00,0.00,69,48.99,51,48.99,100,83.13,99,54.01
20.3,54.6,0.00,0.00,68,48.99,51,48.99,100,83.13,98,54.01
20.5,54.6,0.00,0.00,59,48.99,56,48.99,100,83.13,99,54.01
20.5,54.6,0.00,0.00,62,48.99,58,48.99,100,83.13,99,54.01
20.3,54.6,0.00,0.00,57,48.99,55,48.99,100,83.13,98,54.01
27.9,53.3,0.00,0.00,64,48.8,44,30.79,100,83.13,97,54.01
22.8,44.5,0.00,0.00,99,30.79,99,30.79,100,83.13,97,54.01
24.2,44.5,0.00,0.00,99,30.79,99,30.79,100,83.13,97,54.01
23.2,44.5,0.00,0.00,99,30.79,99,30.79,100,83.13,98,54.01
24.0,44.5,0.00,0.00,99,30.79,99,30.79,100,83.13,98,54.01
22.9,44.5,0.00,0.00,100,30.79,99,30.79,100,83.13,98,54.01
23.9,44.5,0.00,0.00,99,30.79,99,30.79,100,83.13,97,54.01
24.0,44.5,0.00,0.00,99,30.79,99,30.79,100,83.13,98,54.01
23.2,44.5,0.00,0.00,99,30.79,99,30.79,100,83.13,97,54.01
23.3,44.5,0.00,0.00,99,30.79,99,30.79,100,83.13,97,54.01
22.5,44.5,0.00,0.00,99,30.79,99,30.79,100,83.13,98,54.01
23.1,44.5,0.00,0.00,99,30.79,99,30.79,100,83.13,98,54.01
22.2,42.5,0.00,0.00,99,30.6,32,2.95,100,83.13,99,54.01
11.7,34.2,0.00,0.00,5,2.95,0,2.95,100,83.13,99,54.01
11.9,34.2,0.00,0.00,0,2.95,0,2.95,100,83.13,98,58.14
13.8,33.3,0.00,0.00,0,2.95,0,2.95,100,83.13,98,58.14
13.7,33.6,0.00,0.00,0,2.95,0,2.95,100,83.13,98,58.14
56.8,34.0,0.00,0.00,0,2.95,0,2.95,100,83.13,99,58.14
17.4,34.6,0.00,0.00,0,2.95,0,2.95,100,83.13,98,58.14
21.7,35.1,0.00,0.00,0,2.95,0,2.95,100,83.13,98,58.14
15.4,38.1,0.00,0.00,5,14.84,0,2.95,100,83.13,98,58.14
15.4,41.7,0.00,0.00,6,27.14,0,2.95,100,83.13,98,58.14
14.7,42.5,0.00,0.00,1,39.84,0,2.95,100,83.13,98,58.14
13.6,42.7,0.00,0.00,0,39.84,0,2.95,100,83.13,99,58.14
14.9,43.0,0.00,0.00,0,39.84,0,2.95,100,83.13,99,58.14
63.5,43.2,0.00,0.00,0,39.84,0,2.95,100,83.13,99,58.14
22.7,43.5,0.00,0.00,0,49.12,0,2.95,100,83.13,99,58.14
22.6,43.7,0.00,0.00,83,49.12,0,2.95,100,83.13,99,58.14
22.5,44.0,0.00,0.00,82,49.12,0,2.95,100,83.13,99,58.14
22.4,44.2,0.00,0.00,85,49.12,0,2.95,100,83.13,97,58.14
96.6,44.4,0.00,0.00,76,49.12,0,2.95,100,83.13,99,58.14
21.0,44.6,0.00,0.00,84,49.12,0,2.95,100,83.13,99,58.14
20.9,44.6,0.00,0.00,85,49.12,0,2.95,100,83.13,98,58.14
20.4,44.6,0.00,0.00,83,49.12,0,2.95,100,83.13,98,58.14
20.5,44.6,0.00,0.00,87,49.12,0,2.95,100,83.13,99,58.14
20.2,44.6,0.00,0.00,88,49.12,0,2.95,100,83.13,98,58.14
20.9,44.6,0.00,0.00,86,49.12,0,2.95,100,83.13,98,58.14
11.6,44.7,0.00,0.00,18,49.12,0,2.95,100,83.13,43,58.14
13.5,44.7,0.00,0.00,9,49.12,0,2.95,80,83.13,50,58.14
11.4,44.6,0.00,0.00,16,49.12,0,2.95,77,83.13,56,58.14
10.0,44.6,0.00,0.00,13,49.12,0,2.95,43,82.93,63,58.14
16.9,38.4,0.00,0.00,15,58.44,0,2.95,89,27.52,99,58.14
22.8,38.6,0.00,0.00,18,58.44,0,2.95,92,27.52,50,58.14
14.2,38.8,0.00,0.00,16,58.44,0,2.95,71,27.52,93,58.14
14.7,38.9,0.00,0.00,16,58.44,0,2.95,60,27.52,65,58.14
14.5,39.1,0.00,0.00,14,58.44,0,2.95,80,27.52,98,58.14
23.4,39.2,0.00,0.00,65,58.44,0,2.95,90,27.52,98,57.94
22.1,34.5,0.00,0.00,74,58.44,0,2.95,94,27.52,93,39.74
12.1,34.3,0.00,0.00,83,58.44,0,2.95,95,27.52,36,39.74
38.8,34.4,0.00,0.00,18,58.44,0,2.95,88,27.52,29,39.74
14.0,34.7,0.00,0.00,18,58.44,0,2.95,68,27.52,29,39.74
15.3,35.0,0.00,0.00,18,58.44,0,2.95,72,27.52,30,39.74
24.0,35.2,0.00,0.00,29,58.44,0,3.56,94,27.52,94,39.74
23.2,38.3,0.00,0.00,86,58.44,6,18.43,95,27.52,90,39.74
22.9,41.9,0.00,0.00,84,58.44,7,39.84,96,27.52,89,39.74
13.2,42.6,0.00,0.00,87,58.44,0,39.84,93,27.52,30,39.74
52.7,42.8,0.00,0.00,18,58.44,0,39.84,78,27.52,30,39.74
19.4,43.0,0.00,0.00,18,58.44,0,39.84,73,27.52,28,39.74
12.8,43.1,0.00,0.00,10,58.44,0,39.84,78,27.52,68,39.74
21.5,43.3,0.00,0.00,65,58.44,0,48.75,91,27.52,89,39.74
30.0,43.6,0.00,0.00,72,58.44,66,48.75,91,27.52,86,39.74
57.4,43.8,0.00,0.00,73,58.44,95,48.75,95,27.52,69,39.74
22.9,44.0,0.00,0.00,27,58.44,17,48.75,80,27.52,17,39.74
16.4,43.3,0.00,0.00,9,58.44,20,48.75,65,27.52,27,39.74
23.8,43.6,0.00,0.00,18,58.44,18,48.75,59,27.52,28,39.74
13.2,43.9,0.00,0.00,9,58.44,18,48.75,60,27.52,35,39.74
29.9,44.1,0.00,0.00,18,58.49,89,48.75,88,27.52,87,39.74
29.9,43.4,0.00,0.00,59,58.49,95,48.75,88,27.52,82,39.74
31.7,43.8,0.00,0.00,62,58.49,93,48.75,90,27.52,87,39.74
23.9,44.0,0.00,0.00,65,58.49,55,48.75,91,27.52,25,39.74
14.4,44.2,0.00,0.00,9,58.49,21,48.75,66,27.52,26,39.74
13.4,44.4,0.00,0.00,14,58.49,18,48.75,64,27.52,27,39.74
12.9,44.5,0.00,0.00,14,58.49,21,48.75,62,27.52,27,39.74
27.1,44.5,0.00,0.00,10,58.49,46,48.75,83,27.52,92,39.74
26.3,44.5,0.00,0.00,75,58.49,97,48.75,94,27.52,87,39.74
25.9,44.5,0.00,0.00,70,58.49,98,48.75,96,27.52,88,39.74
11.3,44.5,0.00,0.00,62,58.49,98,48.75,95,27.52,27,39.74
13.0,44.5,0.00,0.00,13,58.49,20,48.75,73,27.52,29,39.74
10.8,44.5,0.00,0.00,13,58.49,21,48.75,73,27.52,29,39.74
12.9,44.5,0.00,0.00,11,58.49,21,48.75,72,27.52,29,39.74
25.4,44.5,0.00,0.00,14,58.49,60,48.75,93,27.52,90,39.74
26.5,44.5,0.00,0.00,71,58.49,98,48.75,94,27.52,86,39.74
24.9,44.5,0.00,0.00,72,58.49,98,48.75,89,27.52,86,39.74
13.9,44.5,0.00,0.00,53,58.49,87,48.75,93,27.52,28,39.74
11.7,44.5,0.00,0.00,13,58.49,20,48.75,67,27.52,28,39.74
11.6,44.5,0.00,0.00,14,58.49,21,48.75,70,27.52,29,39.74
13.1,44.5,0.00,0.00,14,58.49,23,48.75,71,27.52,30,39.74
26.6,44.5,0.00,0.00,14,58.49,72,48.75,93,27.52,87,39.74
31.8,43.5,0.00,0.00,74,58.49,53,57.66,90,27.52,85,39.74
28.5,43.8,0.00,0.00,71,58.49,97,57.66,89,27.52,86,39.74
15.8,44.0,0.00,0.00,45,58.49,79,57.66,94,27.52,28,39.74
14.7,39.5,0.00,0.00,24,30.72,21,57.66,63,27.52,29,39.74
13.5,39.2,0.00,0.00,15,30.72,20,57.66,67,27.52,25,39.74
13.2,39.3,0.00,0.00,9,30.72,18,57.66,68,27.52,29,39.74
28.1,39.3,0.00,0.00,9,30.72,59,57.66,92,27.52,86,39.74
27.3,39.3,0.00,0.00,74,30.72,97,57.66,93,27.52,85,39.74
28.0,39.3,0.00,0.00,71,30.72,97,57.66,90,27.52,83,39.74
12.4,39.3,0.00,0.00,54,30.72,90,57.66,95,27.52,35,39.74
13.8,39.3,0.00,0.00,9,30.72,20,57.66,72,27.52,30,39.74
11.8,39.3,0.00,0.00,10,30.72,23,57.66,75,27.52,29,39.74
12.5,39.3,0.00,0.00,17,30.72,22,57.66,72,27.52,48,39.74
26.1,39.3,0.00,0.00,9,30.72,91,57.66,84,27.52,82,39.74
22.3,39.3,0.00,0.00,71,30.72,97,57.66,90,27.52,48,21.35
27.4,34.2,0.00,0.00,73,30.72,98,57.66,91,27.52,88,21.35
11.5,34.2,0.00,0.00,34,30.72,58,57.66,41,2.95,29,21.35
10.1,29.0,0.00,0.00,9,30.72,21,57.66,0,2.95,30,21.35
10.6,29.0,0.00,0.00,18,30.72,21,57.66,0,2.95,33,21.35
10.2,29.0,0.00,0.00,15,30.72,23,57.66,0,2.95,86,21.35
49.2,29.3,0.00,0.00,57,30.72,95,57.66,0,2.95,84,21.35
82.2,29.8,0.00,0.00,69,30.72,92,57.66,0,2.95,82,21.35
27.8,30.3,0.00,0.00,73,30.72,89,57.66,1,9.35,47,21.35
15.4,33.8,0.00,0.00,18,30.72,21,57.66,8,20.65,29,24.31
16.7,37.9,0.00,0.00,18,30.72,23,57.66,9,31.49,32,30.2
15.7,41.0,0.00,0.00,18,30.72,25,57.66,0,31.49,34,47.16
29.4,41.5,0.00,0.00,12,30.72,57,57.66,0,31.49,78,47.16
28.4,41.9,0.00,0.00,64,30.72,95,57.66,0,31.49,81,47.16
82.8,36.4,0.00,0.00,14,2.95,95,57.66,0,31.49,87,47.16
13.5,36.8,0.00,0.00,0,2.95,21,57.66,0,31.49,26,47.16
12.9,37.3,0.00,0.00,0,2.95,21,57.66,17,39.35,24,47.16
28.7,38.1,0.00,0.00,0,2.95,17,57.66,31,39.35,93,75.63
73.7,38.7,0.00,0.00,0,2.95,19,57.66,15,39.35,98,75.63
49.0,39.2,0.00,0.00,0,2.95,16,57.66,71,39.35,100,75.63
28.5,40.7,0.00,0.00,0,10.54,95,57.66,91,39.35,100,75.63
27.4,44.5,0.00,0.00,7,22.53,98,57.66,93,39.35,100,75.63
25.6,47.6,0.00,0.00,8,29.49,73,57.66,88,39.35,100,75.63
16.2,47.7,0.00,0.00,0,29.49,20,57.66,28,39.35,100,75.63
14.2,47.9,0.00,0.00,0,29.49,21,57.66,27,39.35,100,75.63
15.9,48.1,0.00,0.00,0,29.49,18,57.66,23,39.35,100,75.63
16.8,48.3,0.00,0.00,0,29.49,20,57.66,63,39.35,100,75.63
38.4,48.5,0.00,0.00,0,38.08,98,57.66,93,39.35,100,75.63
65.8,48.8,0.00,0.00,55,38.08,97,57.66,94,39.35,100,75.63
29.4,49.0,0.00,0.00,64,38.08,84,57.66,93,39.35,100,75.63
16.2,49.3,0.00,0.00,19,38.08,20,57.66,19,39.35,100,75.63
18.2,49.4,0.00,0.00,18,38.08,17,57.66,20,39.35,100,75.63
18.0,49.6,0.00,0.00,17,38.08,20,57.66,19,39.35,100,75.63
14.8,49.8,0.00,0.00,19,38.08,16,57.66,16,39.35,100,75.63
30.3,49.8,0.00,0.00,17,38.08,25,57.66,94,39.35,100,75.63
22.0,49.8,0.00,0.00,63,38.08,93,57.66,94,39.35,100,75.63
14.6,49.8,0.00,0.00,25,38.08,19,57.66,19,39.35,100,75.63
16.9,49.8,0.00,0.00,18,38.08,21,57.66,16,39.35,100,75.63
16.9,49.8,0.00,0.00,18,38.08,21,57.66,22,39.35,100,75.63
16.0,49.8,0.00,0.00,17,38.08,20,57.66,31,39.35,100,75.63
27.9,49.8,0.00,0.00,58,38.08,91,57.66,96,39.35,100,75.63
17.9,49.8,0.00,0.00,52,38.08,51,57.66,19,39.35,100,75.63
15.8,49.8,0.00,0.00,16,38.08,19,57.66,19,39.35,100,75.63
15.6,49.8,0.00,0.00,17,38.08,18,57.66,20,39.35,100,75.63
14.3,49.8,0.00,0.00,16,38.08,21,57.66,20,39.35,100,75.63
31.1,49.8,0.00,0.00,16,38.08,68,57.66,86,39.35,100,75.63
29.7,49.8,0.00,0.00,66,38.08,98,57.66,96,39.35,100,75.63
29.8,48.8,0.00,0.00,54,38.08,55,30.31,96,39.35,100,75.63
13.3,44.7,0.00,0.00,61,38.08,79,30.31,27,39.35,100,75.63
13.3,44.7,0.00,0.00,17,38.08,20,30.31,18,39.35,100,75.63
18.6,44.7,0.00,0.00,16,38.08,21,30.31,24,39.35,100,75.63
14.1,44.7,0.00,0.00,19,38.08,20,30.31,28,39.35,100,75.63
30.3,44.7,0.00,0.00,20,38.08,68,30.31,86,39.35,100,75.63
28.4,44.7,0.00,0.00,64,38.08,98,30.31,52,47.26,100,75.63
54.8,43.8,0.00,0.00,62,38.08,94,30.31,94,47.26,100,75.63
17.2,44.1,0.00,0.00,63,38.08,79,30.31,24,47.26,100,75.63
26.0,44.2,0.00,0.00,14,38.08,17,30.31,21,47.26,100,75.63
23.7,44.4,0.00,0.00,17,38.08,20,30.31,25,47.26,100,75.63
17.3,44.5,0.00,0.00,20,38.08,20,30.31,17,47.26,100,75.63
15.9,44.7,0.00,0.00,17,38.08,20,30.31,39,47.26,100,75.63
28.2,44.7,0.00,0.00,58,38.08,98,30.31,95,47.26,100,75.63
27.9,44.7,0.00,0.00,67,38.08,98,30.31,96,47.26,100,75.63
26.9,44.7,0.00,0.00,63,38.08,98,30.31,53,47.26,100,75.63
22.6,44.7,0.00,0.00,15,46.8,21,30.31,21,47.26,100,75.63
18.5,43.9,0.00,0.00,12,46.8,20,30.31,21,47.26,100,75.63
15.5,44.1,0.00,0.00,16,46.8,20,30.31,25,47.26,100,75.63
20.4,44.2,0.00,0.00,12,46.8,21,30.31,22,47.26,100,75.63
29.5,44.3,0.00,0.00,26,46.8,98,30.31,95,47.26,100,75.63
93.0,44.6,0.00,0.00,66,46.8,96,30.31,93,47.26,100,75.63
25.1,44.7,0.00,0.00,62,46.8,98,30.31,78,47.26,100,75.63
14.8,44.7,0.00,0.00,31,46.8,19,30.31,20,47.26,100,75.63
15.5,44.7,0.00,0.00,16,46.8,20,30.31,21,47.26,100,75.63
17.4,44.7,0.00,0.00,17,46.8,21,30.31,20,47.26,100,75.63
15.1,44.7,0.00,0.00,19,46.8,21,30.31,20,47.26,100,57.23
24.7,39.5,0.00,0.00,31,46.8,98,30.31,96,47.26,100,57.23
24.9,39.5,0.00,0.00,67,46.8,98,30.31,95,47.26,100,57.23
19.1,38.6,0.00,0.00,67,46.8,76,2.95,79,47.26,100,57.23
12.6,34.4,0.00,0.00,37,46.8,0,2.95,29,47.26,100,57.23
13.3,34.4,0.00,0.00,23,46.8,0,2.95,28,47.26,100,57.23
12.8,34.4,0.00,0.00,21,46.8,0,2.95,24,47.26,100,57.23
21.8,34.4,0.00,0.00,23,46.8,0,2.95,78,47.26,100,57.23
17.7,34.4,0.00,0.00,65,46.8,0,2.95,95,47.26,100,57.23
17.1,34.4,0.00,0.00,68,46.8,0,2.95,96,47.26,100,57.23
10.3,34.4,0.00,0.00,67,46.8,0,2.95,74,47.26,100,57.23
11.1,34.4,0.00,0.00,14,46.8,0,2.95,20,47.26,100,57.23
12.9,34.4,0.00,0.00,20,46.8,0,2.95,28,47.26,100,57.23
11.9,34.4,0.00,0.00,20,46.8,0,2.95,29,47.31,100,57.23
19.2,33.4,0.00,0.00,23,46.8,0,2.95,94,47.31,100,57.23
18.4,33.7,0.00,0.00,68,46.8,0,2.95,96,47.31,100,57.23
25.5,33.9,0.00,0.00,71,46.8,0,2.95,96,47.31,100,57.23
37.3,34.0,0.00,0.00,44,46.8,0,2.95,20,47.31,100,57.23
12.8,34.2,0.00,0.00,19,46.8,0,2.95,25,47.31,100,57.23
11.7,34.4,0.00,0.00,20,46.8,0,2.95,22,47.31,100,57.23
12.2,34.4,0.00,0.00,20,46.8,0,2.95,42,47.31,100,57.23
16.8,34.4,0.00,0.00,40,46.8,0,2.95,96,47.31,100,57.23
18.2,34.4,0.00,0.00,74,46.92,0,2.95,97,47.31,100,57.23
21.5,33.6,0.00,0.00,68,46.92,0,2.95,95,47.31,100,57.23
14.7,33.8,0.00,0.00,26,46.92,0,2.95,20,47.31,100,57.23
13.2,34.0,0.00,0.00,20,46.92,0,2.95,27,47.31,100,57.23
12.3,34.1,0.00,0.00,19,46.92,0,2.95,25,47.31,100,57.23
94.6,34.3,0.00,0.00,20,46.92,0,2.95,78,47.31,100,57.23
16.7,34.4,0.00,0.00,52,46.92,0,2.95,96,47.31,100,57.23
18.6,34.4,0.00,0.00,70,46.92,0,2.95,96,47.31,100,57.23
17.6,34.4,0.00,0.00,69,46.92,0,2.95,79,47.31,100,57.23
10.9,34.4,0.00,0.00,20,46.92,0,2.95,24,47.31,100,57.23
11.3,34.4,0.00,0.00,23,46.92,0,2.95,28,47.31,100,57.23
12.3,34.4,0.00,0.00,19,46.92,0,2.95,32,47.31,0,57.23
16.3,33.5,0.00,0.00,19,46.92,0,2.95,94,47.31,0,57.23
16.1,33.8,0.00,0.00,61,46.92,0,2.95,96,47.31,0,57.23
15.2,34.0,0.00,0.00,59,46.92,0,2.95,95,47.31,0,57.23
70.7,34.2,0.00,0.00,47,46.92,0,2.95,23,47.31,0,57.23
14.5,34.4,0.00,0.00,20,46.92,0,2.95,28,47.31,99,57.23
10.3,34.4,0.00,0.00,20,46.92,0,2.95,24,47.31,99,57.23
12.3,34.4,0.00,0.00,21,46.92,0,2.95,39,47.31,100,57.23
17.3,34.4,0.00,0.00,71,46.92,0,2.95,96,47.31,100,57.23
16.7,34.4,0.00,0.00,61,46.92,0,2.95,97,47.31,100,57.23
14.0,34.4,0.00,0.00,63,46.92,0,2.95,49,47.31,100,57.23
11.5,34.4,0.00,0.00,17,46.92,0,2.95,23,47.31,100,57.23
12.9,33.5,0.00,0.00,23,46.92,0,2.95,47,47.31,100,57.23
13.1,33.7,0.00,0.00,23,46.92,0,2.95,22,47.31,100,57.23
19.4,33.8,0.00,0.00,19,46.92,0,2.95,95,47.31,100,57.23
60.9,34.0,0.00,0.00,72,46.92,0,2.95,92,47.31,100,57.23
18.6,34.3,0.00,0.00,71,46.92,0,2.95,96,47.31,100,57.23
11.9,34.4,0.00,0.00,44,46.92,0,2.95,28,47.31,100,57.23
12.7,34.4,0.00,0.00,24,46.92,0,2.95,27,47.31,100,57.23
12.7,34.4,0.00,0.00,18,46.92,0,2.95,28,47.31,100,57.23
19.7,34.4,0.00,0.00,23,46.92,0,2.95,64,47.31,100,57.23
19.7,29.4,0.00,0.00,36,24.93,0,2.95,97,47.31,100,57.23
17.3,29.2,0.00,0.00,71,24.93,0,2.95,97,47.31,100,57.23
13.3,29.2,0.00,0.00,67,24.93,0,2.95,23,47.31,100,57.23
13.1,29.2,0.00,0.00,17,24.93,0,2.95,33,47.31,100,57.23
12.3,29.2,0.00,0.00,14,24.93,0,2.95,25,47.31,100,57.23
11.8,29.2,0.00,0.00,22,24.93,0,2.95,27,47.31,100,57.23
21.4,29.2,0.00,0.00,18,24.93,0,2.95,95,47.31,99,57.23
18.9,29.2,0.00,0.00,72,24.93,0,2.95,96,47.31,100,57.23
19.2,29.2,0.00,0.00,61,24.93,0,2.95,97,47.31,100,57.23
11.0,29.2,0.00,0.00,72,24.93,0,2.95,70,47.31,100,57.23
11.9,29.2,0.00,0.00,21,24.93,0,2.95,29,47.31,100,57.23
10.6,29.2,0.00,0.00,22,24.93,0,2.95,23,47.31,100,57.23
10.7,29.2,0.00,0.00,26,24.93,0,2.95,48,47.31,100,57.23
10.4,29.2,0.00,0.00,51,24.93,0,2.95,28,47.31,100,57.23
11.6,29.2,0.00,0.00,23,24.93,0,2.95,29,47.31,100,57.23
12.3,29.2,0.00,0.00,23,24.93,0,2.95,29,47.31,100,57.23
14.2,29.2,0.00,0.00,17,24.93,0,2.95,29,47.31,100,57.23
19.1,29.2,0.00,0.00,39,24.93,0,2.95,96,47.31,100,57.23
13.7,29.2,0.00,0.00,62,24.93,0,2.95,29,47.31,100,57.23
14.5,29.2,0.00,0.00,20,24.93,0,2.95,28,47.31,100,57.23
13.0,29.2,0.00,0.00,23,24.93,0,2.95,27,47.31,100,57.23
12.9,29.2,0.00,0.00,20,24.93,0,2.95,35,47.31,100,57.23
17.3,29.2,0.00,0.00,70,24.93,0,2.95,96,47.31,100,57.23
18.0,29.2,0.00,0.00,66,24.93,0,2.95,96,47.31,100,57.23
19.5,28.2,0.00,0.00,68,24.93,0,2.95,53,47.31,100,57.23
12.6,28.4,0.00,0.00,25,24.93,0,2.95,24,47.31,100,57.23
12.8,28.6,0.00,0.00,14,24.93,0,2.95,24,47.31,100,57.23
13.9,28.8,0.00,0.00,20,24.93,0,2.95,29,47.31,100,57.23
24.5,28.9,0.00,0.00,20,24.93,0,2.95,89,47.31,100,57.23
19.0,29.1,0.00,0.00,66,24.93,0,2.95,96,47.31,100,57.23
18.2,29.2,0.00,0.00,72,24.93,0,2.95,97,47.31,100,57.23
11.3,27.9,0.00,0.00,73,2.95,0,2.95,75,47.31,100,57.23
9.5,24.0,0.00,0.00,0,2.95,0,2.95,32,47.31,100,57.23
9.4,24.0,0.00,0.00,0,2.95,0,2.95,28,47.31,100,57.23
13.3,24.0,0.00,0.00,0,2.95,0,2.95,83,47.31,100,57.23
21.7,24.2,0.00,0.00,0,2.95,0,2.95,91,47.31,98,57.23
42.3,25.1,0.00,0.00,0,2.95,0,2.95,83,47.31,99,57.23
15.0,26.0,0.00,0.00,0,2.95,0,2.95,71,47.31,100,57.23
11.9,26.1,0.00,0.00,0,2.95,0,2.95,24,50.85,100,57.23
14.3,27.9,0.00,0.00,0,2.95,0,3.28,28,61.2,100,57.23
23.1,35.8,0.00,0.00,5,14.38,10,17.65,33,72.7,100,57.23
21.2,45.5,0.00,0.00,10,25.7,10,33.69,95,75.85,100,57.23
51.5,48.7,0.00,0.00,8,34.13,0,34.13,95,75.85,99,57.23
63.0,49.3,0.00,0.00,0,34.13,0,34.13,75,75.85,100,57.23
14.7,49.9,0.00,0.00,0,34.13,0,34.13,29,75.85,100,57.23
85.6,50.4,0.00,0.00,0,34.13,0,34.13,20,75.85,100,57.23
13.4,50.9,0.00,0.00,0,34.13,0,34.13,21,83.71,100,57.23
14.7,51.6,0.00,0.00,0,49.04,0,49.04,65,83.71,99,57.23
98.5,52.3,0.00,0.00,91,49.04,89,49.04,98,83.71,99,57.23
28.3,53.0,0.00,0.00,89,49.04,88,49.04,97,83.71,99,57.23
24.2,53.6,0.00,0.00,94,49.04,95,49.04,95,83.71,99,57.23
17.9,54.0,0.00,0.00,52,49.04,58,49.04,32,83.71,75,57.23
16.0,54.5,0.00,0.00,44,49.04,74,49.04,32,83.71,74,57.23
11.6,54.9,0.00,0.00,38,49.04,69,49.04,40,83.71,83,57.23
13.9,54.9,0.00,0.00,50,49.04,67,49.04,40,83.71,89,57.23
31.9,54.9,0.00,0.00,48,49.04,79,49.04,94,83.71,100,57.23
22.0,54.9,0.00,0.00,96,49.04,96,49.04,99,83.71,100,57.23
19.7,54.9,0.00,0.00,97,49.04,95,49.04,99,83.71,3,57.23
18.5,54.1,0.00,0.00,96,49.04,96,49.04,69,83.71,0,57.23
10.9,54.2,0.00,0.00,53,49.04,47,49.04,32,83.71,0,57.23
17.1,54.4,0.00,0.00,46,49.04,42,49.04,48,83.71,0,57.23
10.5,54.5,0.00,0.00,61,49.04,49,49.04,53,83.71,0,57.23
33.1,54.7,0.00,0.00,72,49.04,42,49.04,66,83.52,0,57.23
22.2,49.7,0.00,0.00,94,49.04,97,49.04,99,61.53,100,57.23
21.6,49.6,0.00,0.00,97,49.04,96,49.04,99,61.53,100,57.23
21.5,49.7,0.00,0.00,97,49.04,97,49.04,93,61.53,100,57.23
16.8,49.7,0.00,0.00,76,49.04,63,49.04,44,61.53,97,57.23
10.1,49.7,0.00,0.00,56,49.04,51,49.04,35,61.53,82,57.23
16.5,49.7,0.00,0.00,51,49.04,54,49.04,49,61.53,86,57.23
13.7,49.7,0.00,0.00,63,49.04,49,49.04,34,61.53,99,57.23
20.9,49.7,0.00,0.00,97,49.04,97,49.04,99,61.53,100,57.23
21.4,49.7,0.00,0.00,98,49.04,97,49.04,99,61.53,100,57.23
19.7,49.7,0.00,0.00,97,49.04,98,49.04,99,61.53,100,57.23
14.0,49.7,0.00,0.00,97,49.04,85,49.04,40,61.53,100,57.23
14.8,49.7,0.00,0.00,61,49.04,58,49.04,44,61.53,90,57.23
15.1,49.7,0.00,0.00,68,49.04,68,53.83,56,61.53,98,57.23
19.9,47.9,0.00,0.00,67,58.0,78,58.0,33,61.53,95,57.23
29.0,48.2,0.00,0.00,75,58.0,64,58.0,94,61.53,100,57.23
25.2,48.6,0.00,0.00,86,58.0,91,58.0,99,61.53,100,57.23
24.4,49.0,0.00,0.00,89,58.0,88,58.0,99,61.53,99,57.23
39.4,49.4,0.00,0.00,87,58.0,97,58.0,74,61.53,94,57.23
13.2,49.7,0.00,0.00,57,58.0,66,58.0,33,61.53,77,57.23
17.5,49.7,0.00,0.00,56,58.0,75,58.0,69,61.53,93,57.23
16.0,49.7,0.00,0.00,62,58.0,85,58.0,37,61.53,85,57.23
16.5,49.7,0.00,0.00,71,58.0,70,58.0,50,61.53,93,57.23
20.5,49.7,0.00,0.00,91,58.0,87,58.0,100,61.53,100,57.23
20.0,49.7,0.00,0.00,93,58.0,96,58.0,100,61.53,100,57.23
19.4,49.7,0.00,0.00,91,58.0,97,58.0,100,61.53,100,57.23
18.4,49.7,0.00,0.00,94,58.0,96,58.0,56,61.53,99,57.23
15.4,49.7,0.00,0.00,64,58.0,69,58.0,37,61.53,95,57.23
14.1,49.7,0.00,0.00,72,58.0,69,58.0,38,61.53,84,57.23
14.1,49.7,0.00,0.00,81,58.0,67,58.0,56,61.53,94,57.23
25.8,49.7,0.00,0.00,88,58.0,65,58.0,49,61.53,100,57.23
19.5,49.7,0.00,0.00,92,58.0,94,58.0,99,61.53,100,57.23
19.4,49.7,0.00,0.00,93,58.0,96,58.0,99,61.53,100,57.23
16.8,49.7,0.00,0.00,95,58.0,91,58.0,99,61.53,100,57.23
16.2,49.7,0.00,0.00,91,58.0,85,58.0,43,69.44,100,57.23
99.4,48.8,0.00,0.00,82,58.0,69,58.0,40,69.44,100,57.23
17.2,48.9,0.00,0.00,78,58.0,67,58.0,42,69.44,100,57.23
18.2,49.1,0.00,0.00,75,58.0,66,58.0,39,69.44,99,57.23
25.3,49.3,0.00,0.00,91,58.0,92,58.0,98,69.44,100,57.23
74.3,49.5,0.00,0.00,88,58.0,94,58.0,99,69.44,100,57.23
20.5,49.7,0.00,0.00,91,58.0,89,58.0,99,69.44,100,57.23
17.9,49.7,0.00,0.00,95,58.0,96,58.0,63,69.44,100,57.23
18.8,49.7,0.00,0.00,91,58.0,77,58.0,42,69.44,100,57.23
18.1,49.7,0.00,0.00,71,58.0,80,58.0,49,69.44,100,57.23
17.9,49.7,0.00,0.00,64,58.0,85,58.0,46,69.44,100,57.23
16.9,49.7,0.00,0.00,67,58.0,87,58.0,53,69.44,100,57.23
20.0,49.7,0.00,0.00,95,58.0,93,58.0,98,69.44,100,57.23
19.9,49.7,0.00,0.00,92,58.0,95,58.0,98,69.44,100,57.23
29.2,49.7,0.00,0.00,94,58.25,73,58.25,98,69.44,100,57.23
19.5,48.0,0.00,0.00,67,58.25,96,58.25,44,69.44,99,57.23
57.9,48.4,0.00,0.00,96,58.25,62,58.25,35,69.44,98,57.23
22.0,48.6,0.00,0.00,99,58.25,83,58.25,50,69.44,80,57.23
15.7,49.0,0.00,0.00,57,58.25,76,58.25,32,69.25,96,57.23
21.3,44.4,0.00,0.00,78,58.25,79,58.25,28,47.26,100,57.23
17.5,44.5,0.00,0.00,96,58.25,90,58.25,20,47.26,100,57.23
14.8,44.5,0.00,0.00,69,58.25,58,58.25,25,47.26,100,57.23
16.2,44.5,0.00,0.00,90,58.25,79,58.25,26,47.26,100,57.23
13.5,44.5,0.00,0.00,98,58.25,92,58.25,60,47.26,99,57.23
43.2,44.8,0.00,0.00,97,58.25,96,58.25,93,47.26,100,57.23
19.3,45.2,0.00,0.00,94,58.25,98,58.25,20,47.26,100,57.23
16.0,45.3,0.00,0.00,92,58.25,82,58.25,24,47.26,100,57.23
17.5,45.4,0.00,0.00,71,58.25,67,58.25,27,52.29,100,57.23
21.0,47.9,0.00,0.00,81,58.25,75,58.25,31,63.86,100,57.23
23.8,51.6,0.00,0.00,80,58.25,83,58.25,91,84.15,100,57.23
22.9,52.8,0.00,0.00,97,58.25,97,58.25,95,84.15,100,57.23
39.0,53.0,0.00,0.00,97,58.25,98,58.25,93,84.15,100,57.23
89.8,53.3,0.00,0.00,98,58.25,97,58.25,25,84.15,100,57.23
17.7,53.4,0.00,0.00,97,58.25,71,58.25,28,84.15,100,57.23
15.5,53.6,0.00,0.00,75,58.25,56,58.25,23,84.15,99,57.23
19.6,53.8,0.00,0.00,80,58.25,58,58.25,25,93.43,100,57.23
31.3,53.9,0.00,0.00,84,58.25,71,58.25,99,93.43,100,57.23
66.4,54.2,0.00,0.00,97,58.25,97,58.25,99,93.43,100,57.23
23.8,54.4,0.00,0.00,98,58.25,97,58.25,100,93.43,100,57.23
18.9,54.6,0.00,0.00,97,58.25,98,58.25,57,93.43,100,57.23
18.5,54.8,0.00,0.00,96,58.25,87,58.25,33,93.43,100,57.23
14.5,54.9,0.00,0.00,77,58.25,73,58.25,29,93.43,98,57.23
22.5,54.7,0.00,0.00,81,58.25,64,58.25,36,93.43,10,2.95
31.6,49.8,0.00,0.00,88,58.25,76,58.25,100,93.43,0,2.95
19.4,49.7,0.00,0.00,98,58.25,98,58.25,100,93.43,0,2.95
19.5,49.7,0.00,0.00,98,58.25,98,58.25,99,93.43,0,2.95
11.4,47.8,0.00,0.00,72,58.25,53,58.25,93,93.48,0,2.95
19.3,47.2,0.00,0.00,89,58.25,91,58.25,27,93.48,0,2.95
16.0,47.7,0.00,0.00,65,58.25,72,58.25,30,93.48,0,2.95
31.5,48.1,0.00,0.00,77,58.25,73,58.25,29,93.48,0,2.95
18.2,48.6,0.00,0.00,87,58.25,68,58.25,46,93.48,0,2.95
24.9,49.1,0.00,0.00,85,58.25,91,58.25,100,93.48,0,2.95
27.3,49.7,0.00,0.00,88,58.25,90,58.25,100,93.48,0,2.95
20.1,49.8,0.00,0.00,94,58.25,92,58.25,79,93.48,0,2.95
15.0,49.8,0.00,0.00,93,58.25,95,58.25,34,93.48,0,2.95
14.1,49.7,0.00,0.00,81,58.25,95,58.25,32,93.48,0,2.95
13.8,49.8,0.00,0.00,82,58.25,94,58.25,31,93.48,0,2.95
13.8,49.7,0.00,0.00,84,58.25,96,58.25,60,93.48,0,2.95
18.9,49.7,0.00,0.00,89,58.25,96,58.25,100,93.48,0,2.95
18.8,49.7,0.00,0.00,94,58.25,96,58.25,100,93.48,0,2.95
16.2,49.7,0.00,0.00,90,58.25,96,58.25,63,93.48,0,2.95
13.9,49.7,0.00,0.00,93,58.25,96,58.25,40,93.48,0,2.95
12.9,49.7,0.00,0.00,95,58.25,96,58.25,32,93.48,0,2.95
13.3,49.7,0.00,0.00,91,58.25,87,58.25,31,93.48,0,2.95
29.1,49.8,0.00,0.00,93,58.25,92,58.25,67,93.48,0,2.95
18.7,49.7,0.00,0.00,93,58.25,96,58.25,100,99.8,0,2.95
20.0,47.8,0.00,0.00,96,58.25,96,58.25,94,75.08,0,2.95
68.9,43.9,0.00,0.00,94,58.25,95,58.25,28,75.08,0,2.95
22.2,44.0,0.00,0.00,92,58.25,93,58.25,21,75.08,0,2.95
35.6,44.2,0.00,0.00,91,58.25,97,58.25,28,75.08,0,2.95
14.4,44.4,0.00,0.00,94,58.25,95,58.25,25,75.08,0,2.95
16.8,44.5,0.00,0.00,94,58.25,95,58.25,87,75.08,0,2.95
13.4,44.5,0.00,0.00,94,58.25,97,58.25,97,75.08,0,2.95
14.0,44.5,0.00,0.00,95,58.25,95,58.25,97,75.08,0,2.95
13.4,44.5,0.00,0.00,94,58.25,96,58.25,29,75.08,0,2.95
14.7,44.5,0.00,0.00,94,58.25,96,58.25,28,75.08,0,2.95
12.4,44.5,0.00,0.00,96,58.25,95,58.25,25,75.08,0,2.95
12.4,44.5,0.00,0.00,96,58.25,95,58.25,27,75.08,0,2.95
14.1,44.5,0.00,0.00,91,58.25,97,58.25,96,75.08,0,2.95
14.3,44.5,0.00,0.00,95,58.25,95,58.25,97,75.08,0,2.95
18.2,42.6,0.00,0.00,94,58.25,68,58.25,94,75.08,0,2.95
79.0,42.9,0.00,0.00,96,58.25,98,58.25,31,75.08,0,2.95
11.9,43.3,0.00,0.00,71,58.25,72,58.25,31,75.08,0,2.95
93.9,43.7,0.00,0.00,72,58.25,77,58.25,30,75.08,0,2.95
17.1,44.0,0.00,0.00,98,58.25,97,58.25,18,75.08,0,2.95
69.1,44.3,0.00,0.00,96,58.25,97,58.25,95,75.08,0,2.95
16.3,43.6,0.00,0.00,97,58.25,97,58.25,95,75.08,0,2.95
18.5,43.9,0.00,0.00,97,58.25,96,58.25,82,75.08,0,2.95
14.5,44.0,0.00,0.00,97,58.25,97,58.25,20,75.08,0,2.95
14.0,44.2,0.00,0.00,97,58.25,78,58.25,25,75.08,0,2.95
14.4,44.4,0.00,0.00,73,58.25,67,58.25,22,75.08,0,2.95
29.1,44.5,0.00,0.00,83,58.25,87,58.25,95,75.08,0,2.95
14.2,44.5,0.00,0.00,98,58.25,98,58.25,96,75.08,0,2.95
14.8,44.5,0.00,0.00,98,58.25,99,58.25,96,75.08,0,2.95
12.7,44.5,0.00,0.00,98,58.25,98,58.25,64,75.08,0,2.95
13.4,44.5,0.00,0.00,98,58.25,98,58.25,27,75.08,0,2.95
13.4,44.5,0.00,0.00,97,58.25,98,58.25,20,75.08,0,2.95
12.8,44.5,0.00,0.00,98,58.25,98,58.25,33,75.08,0,2.95
15.5,44.5,0.00,0.00,98,58.25,98,58.25,97,75.08,0,2.95
14.3,44.5,0.00,0.00,98,58.25,98,58.25,96,75.08,0,2.95
14.9,44.5,0.00,0.00,98,58.25,98,58.25,96,75.08,0,2.95
12.2,44.6,0.00,0.00,98,58.25,98,58.25,22,75.08,0,2.95
12.8,44.6,0.00,0.00,98,58.25,98,58.25,21,75.08,0,2.95
12.4,44.5,0.00,0.00,97,58.25,81,58.25,20,75.08,0,2.95
12.0,44.5,0.00,0.00,90,58.25,80,58.25,76,75.08,0,2.95
13.2,44.5,0.00,0.00,99,58.25,99,58.25,96,75.08,0,2.95
13.5,44.5,0.00,0.00,98,58.25,99,58.25,96,75.08,0,2.95
13.1,44.5,0.00,0.00,98,58.25,99,58.25,90,75.08,0,2.95
13.5,44.5,0.00,0.00,98,58.25,99,58.25,20,75.08,0,2.95
12.4,44.5,0.00,0.00,98,58.25,98,58.25,30,75.08,0,2.95
12.6,44.5,0.00,0.00,98,58.25,98,58.25,29,75.08,0,2.95
18.2,42.5,0.00,0.00,92,58.25,49,58.25,95,75.08,0,2.95
21.5,43.0,0.00,0.00,87,58.25,95,58.25,91,75.08,0,2.95
18.0,43.4,0.00,0.00,92,58.25,95,58.25,76,75.08,0,2.95
97.5,43.8,0.00,0.00,92,58.25,93,58.25,23,75.08,0,2.95
14.2,44.2,0.00,0.00,89,58.25,89,58.25,28,75.08,0,2.95
13.7,44.5,0.00,0.00,80,58.25,77,58.25,20,75.08,0,2.95
13.2,44.6,0.00,0.00,81,58.25,89,58.25,22,75.08,0,2.95
16.5,43.7,0.00,0.00,90,58.25,93,58.25,96,75.08,0,2.95
14.4,43.9,0.00,0.00,92,58.25,94,58.25,23,75.08,0,2.95
15.6,44.1,0.00,0.00,94,58.25,95,58.25,21,75.08,0,2.95
54.9,44.2,0.00,0.00,86,58.25,87,58.25,28,75.08,0,2.95
15.7,44.4,0.00,0.00,86,58.25,84,58.25,28,75.08,0,2.95
15.0,44.6,0.00,0.00,81,58.25,94,58.25,21,75.08,0,2.95
13.8,44.6,0.00,0.00,92,58.25,94,58.25,27,75.08,0,2.95
12.6,44.6,0.00,0.00,91,58.25,96,58.25,29,75.08,0,2.95
12.8,44.6,0.00,0.00,91,58.25,93,58.25,36,75.08,0,2.95
14.4,44.5,0.00,0.00,95,58.25,96,58.25,95,75.08,0,2.95
14.4,44.6,0.00,0.00,95,58.25,95,58.25,95,75.08,0,2.95
14.0,44.5,0.00,0.00,96,58.25,96,58.25,96,75.08,0,2.95
12.7,44.6,0.00,0.00,96,58.25,96,58.25,23,75.08,0,2.95
12.4,44.6,0.00,0.00,95,58.25,96,58.25,22,75.08,0,2.95
13.2,44.6,0.00,0.00,95,58.25,92,58.25,28,75.08,0,2.95
20.6,44.6,0.00,0.00,95,58.25,89,58.25,89,75.08,0,2.95
15.3,44.6,0.00,0.00,96,58.25,95,58.25,96,75.08,0,2.95
14.4,44.5,0.00,0.00,94,58.25,96,58.25,96,75.08,0,2.95
12.5,44.6,0.00,0.00,96,58.25,97,58.25,69,75.08,0,2.95
14.2,44.6,0.00,0.00,96,58.25,96,58.25,27,75.08,0,2.95
12.4,44.6,0.00,0.00,96,58.25,96,58.25,31,75.08,0,2.95
13.5,44.6,0.00,0.00,94,58.25,96,58.25,24,75.08,0,2.95
14.5,44.6,0.00,0.00,95,58.25,96,58.25,96,75.08,0,2.95
14.0,44.6,0.00,0.00,94,58.25,94,58.25,96,75.08,0,2.95
13.8,44.6,0.00,0.00,97,58.25,94,58.25,72,75.08,0,2.95
14.3,44.6,0.00,0.00,93,58.25,92,58.25,31,75.08,0,2.95
13.6,34.6,0.00,0.00,56,33.45,79,33.45,28,75.08,0,2.95
11.4,34.4,0.00,0.00,98,33.45,99,33.45,29,75.08,0,2.95
14.6,34.4,0.00,0.00,98,33.45,98,33.45,96,75.08,0,2.95
13.0,34.4,0.00,0.00,98,33.45,99,33.45,96,75.08,0,2.95
13.2,34.4,0.00,0.00,98,33.45,98,33.45,97,75.08,0,2.95
12.3,34.4,0.00,0.00,98,33.45,98,33.45,35,75.08,0,2.95
15.0,33.5,0.00,0.00,98,33.45,98,33.45,31,75.08,0,2.95
14.0,33.7,0.00,0.00,97,33.45,98,33.45,30,75.08,0,2.95
13.1,33.8,0.00,0.00,98,33.45,94,33.45,47,75.08,0,2.95
98.5,34.0,0.00,0.00,97,33.45,96,33.45,96,75.08,0,2.95
16.5,34.2,0.00,0.00,97,33.45,98,33.45,95,75.08,0,2.95
14.8,34.4,0.00,0.00,98,33.45,98,33.45,96,75.08,0,2.95
12.5,34.4,0.00,0.00,98,33.45,98,33.45,28,75.08,0,2.95
13.5,34.4,0.00,0.00,98,33.45,98,33.45,30,75.08,0,2.95
12.9,34.4,0.00,0.00,98,33.45,98,33.45,20,75.08,0,2.95
16.1,34.3,0.00,0.00,98,33.45,97,33.45,96,75.08,0,2.95
14.6,34.3,0.00,0.00,98,33.45,97,33.45,97,75.08,0,2.95
14.4,34.3,0.00,0.00,98,33.45,98,33.45,96,75.08,0,2.95
14.1,34.3,0.00,0.00,98,33.45,98,33.45,46,75.08,0,2.95
13.8,34.3,0.00,0.00,97,33.45,98,33.45,21,75.08,0,2.95
9.4,34.3,0.00,0.00,91,33.45,84,33.45,24,75.08,0,2.95
9.7,34.3,0.00,0.00,71,33.45,69,33.45,35,75.08,0,2.95
14.0,34.3,0.00,0.00,97,33.45,98,33.45,96,75.08,0,2.95
13.6,34.3,0.00,0.00,98,33.45,98,33.45,96,75.08,0,2.95
15.0,34.3,0.00,0.00,98,33.45,97,33.45,96,75.08,0,2.95
12.2,34.3,0.00,0.00,98,33.45,97,33.45,20,75.08,0,2.95
12.4,34.3,0.00,0.00,98,33.45,98,33.45,27,75.08,0,2.95
12.9,34.3,0.00,0.00,93,33.45,94,33.45,29,75.08,0,2.95
25.6,34.3,0.00,0.00,83,33.45,90,33.45,96,75.08,0,2.95
14.2,34.3,0.00,0.00,99,33.45,98,33.45,97,75.08,0,2.95
11.7,34.3,0.00,0.00,99,33.45,98,33.45,96,75.08,0,2.95
7.4,24.5,0.00,0.00,64,2.95,6,2.95,62,75.08,0,2.95
6.7,24.1,0.00,0.00,0,2.95,0,2.95,31,75.08,0,2.95
5.1,24.0,0.00,0.00,0,2.95,0,2.95,32,75.08,0,2.95
17.4,24.4,0.00,0.00,0,2.95,0,2.95,92,75.08,0,2.95
83.2,25.2,0.00,0.00,0,2.95,0,2.95,93,75.08,0,2.95
14.9,24.8,0.00,0.00,0,2.95,0,7.44,67,75.08,0,2.95
15.8,30.5,0.00,0.00,1,14.03,7,18.35,34,75.08,0,2.95
16.4,37.6,0.00,0.00,8,25.41,7,30.81,27,75.08,0,2.95
93.7,40.2,0.00,0.00,13,39.84,0,31.49,27,75.08,0,2.95
23.4,40.7,0.00,0.00,0,39.84,0,31.49,91,75.08,0,2.95
17.8,41.4,0.00,0.00,0,39.84,0,31.49,93,75.08,0,2.95
11.3,41.7,0.00,0.00,0,39.84,0,31.49,93,75.08,0,2.95
97.3,42.2,0.00,0.00,0,39.84,0,31.49,48,75.08,0,2.95
52.9,42.7,0.00,0.00,0,49.12,32,39.35,23,75.08,0,2.95
12.4,43.1,0.00,0.00,9,49.12,29,39.35,32,75.08,0,2.95
11.1,43.4,0.00,0.00,9,49.12,31,39.35,38,75.08,0,2.95
26.7,43.8,0.00,0.00,67,49.12,92,39.35,95,75.08,0,2.95
67.3,44.2,0.00,0.00,69,49.12,94,39.35,89,75.08,0,2.95
26.7,44.8,0.00,0.00,58,49.12,95,39.35,47,75.08,0,2.95
8.4,44.9,0.00,0.00,11,49.12,23,39.35,27,75.08,0,2.95
9.0,44.9,0.00,0.00,19,49.12,27,39.35,29,75.08,0,2.95
11.0,44.9,0.00,0.00,16,49.12,33,39.35,25,75.08,0,2.95
28.6,44.9,0.00,0.00,9,49.12,93,39.35,95,75.08,0,2.95
22.3,44.8,0.00,0.00,80,49.12,95,39.35,96,75.08,0,2.95
21.9,44.8,0.00,0.00,73,49.12,95,39.35,96,75.08,0,2.95
11.1,44.9,0.00,0.00,42,49.12,60,39.35,52,75.08,0,2.95
9.5,44.9,0.00,0.00,9,49.12,28,39.35,28,75.08,0,2.95
11.2,44.9,0.00,0.00,18,49.12,27,39.35,23,75.08,0,2.95
10.4,44.8,0.00,0.00,17,49.12,26,39.35,32,75.08,0,2.95
22.5,44.8,0.00,0.00,51,49.12,94,39.35,96,75.08,0,2.95
22.8,44.8,0.00,0.00,71,49.12,95,39.35,96,75.08,0,2.95
21.2,44.8,0.00,0.00,69,49.12,93,39.35,60,75.08,0,2.95
8.4,44.9,0.00,0.00,18,49.12,24,39.35,23,75.08,0,2.95
8.2,44.9,0.00,0.00,17,49.12,20,39.35,20,75.08,0,2.95
9.3,44.8,0.00,0.00,14,49.12,23,39.35,27,75.08,0,2.95
22.1,44.8,0.00,0.00,18,49.12,81,39.35,85,75.08,0,2.95
19.8,43.8,0.00,0.00,75,49.12,96,39.35,76,75.08,0,2.95
31.1,43.1,0.00,0.00,47,58.44,95,39.35,92,75.08,0,2.95
60.6,43.5,0.00,0.00,59,58.44,77,39.35,26,75.08,0,2.95
97.7,43.8,0.00,0.00,13,58.44,21,39.35,20,75.08,0,2.95
11.9,44.2,0.00,0.00,14,58.44,24,39.35,20,75.08,0,2.95
32.3,44.5,0.00,0.00,14,58.44,27,39.35,22,75.08,0,2.95
25.1,44.8,0.00,0.00,12,58.44,20,39.35,85,75.08,0,2.95
23.0,44.8,0.00,0.00,73,58.44,96,39.35,95,75.08,0,2.95
21.6,44.9,0.00,0.00,77,58.44,95,39.35,70,75.08,0,2.95
12.2,43.9,0.00,0.00,13,58.44,48,47.26,27,75.08,0,2.95
11.7,44.1,0.00,0.00,13,58.44,28,47.26,19,75.08,0,2.95
12.6,44.3,0.00,0.00,11,58.44,26,47.26,19,75.08,0,2.95
11.3,44.5,0.00,0.00,14,58.44,48,47.26,47,75.08,0,2.95
11.4,44.6,0.00,0.00,34,58.44,32,47.26,22,75.08,0,2.95
12.9,44.8,0.00,0.00,14,58.44,26,47.26,27,75.08,0,2.95
8.2,44.9,0.00,0.00,16,58.44,20,47.26,21,75.08,0,2.95
7.8,44.9,0.00,0.00,16,58.44,20,47.26,93,75.08,0,2.95
21.5,44.9,0.00,0.00,75,58.44,95,47.26,96,75.08,0,2.95
21.8,44.9,0.00,0.00,73,58.44,95,47.26,95,75.08,0,2.95
13.1,44.9,0.00,0.00,71,58.44,69,47.26,68,75.08,0,2.95
9.8,44.9,0.00,0.00,10,58.44,24,47.26,28,75.08,0,2.95
8.8,44.9,0.00,0.00,18,58.44,26,47.26,28,75.08,0,2.95
8.8,44.9,0.00,0.00,14,58.44,28,47.26,27,75.08,0,2.95
24.0,44.9,0.00,0.00,27,58.44,94,47.26,95,75.08,0,2.95
22.1,44.9,0.00,0.00,73,58.44,95,47.26,95,75.08,0,2.95
20.0,44.9,0.00,0.00,79,58.44,97,47.26,95,75.08,0,2.95
10.4,44.9,0.00,0.00,15,58.44,25,47.26,26,75.08,0,2.95
11.3,44.9,0.00,0.00,9,58.44,28,47.26,22,75.08,0,2.95
10.2,44.9,0.00,0.00,14,58.49,27,47.26,26,75.08,0,2.95
14.5,44.0,0.00,0.00,27,58.49,20,47.26,87,75.08,0,2.95
24.0,44.2,0.00,0.00,66,58.49,95,47.26,93,75.08,0,2.95
25.3,44.4,0.00,0.00,68,58.49,94,47.26,94,75.08,0,2.95
13.0,44.6,0.00,0.00,66,58.49,73,47.26,74,75.08,0,2.95
60.0,43.9,0.00,0.00,9,58.49,28,47.26,30,75.08,0,2.95
11.0,44.2,0.00,0.00,9,58.49,21,47.26,25,75.08,0,2.95
12.4,44.3,0.00,0.00,18,58.49,29,47.26,31,75.08,0,2.95
30.0,44.5,0.00,0.00,18,58.49,50,47.26,95,75.08,0,2.95
24.6,44.7,0.00,0.00,72,58.49,96,47.26,95,75.08,0,2.95
20.4,44.9,0.00,0.00,72,58.49,96,47.26,96,75.08,0,2.95
10.5,44.9,0.00,0.00,70,58.49,42,47.26,46,75.08,0,2.95
10.1,44.9,0.00,0.00,15,58.49,31,47.26,22,75.08,0,2.95
11.9,44.9,0.00,0.00,15,58.49,29,47.26,27,75.08,0,2.95
12.4,44.9,0.00,0.00,12,58.49,22,47.26,42,75.08,0,2.95
21.5,44.9,0.00,0.00,37,58.49,96,47.31,95,75.08,0,2.95
22.6,43.9,0.00,0.00,75,58.49,79,47.31,95,75.08,0,2.95
23.2,44.1,0.00,0.00,79,58.49,96,47.31,94,75.08,0,2.95
11.1,44.3,0.00,0.00,15,58.49,28,47.31,23,75.08,0,2.95
9.7,44.5,0.00,0.00,17,58.49,20,47.31,23,75.08,0,2.95
10.9,44.7,0.00,0.00,16,58.49,20,47.31,24,75.08,0,2.95
11.1,44.8,0.00,0.00,16,58.49,20,47.31,66,75.08,0,2.95
22.0,44.9,0.00,0.00,73,58.49,96,47.31,96,75.08,0,2.95
22.6,44.9,0.00,0.00,71,58.49,95,47.31,95,75.08,0,2.95
15.3,44.1,0.00,0.00,57,58.49,79,47.31,94,75.08,0,2.95
11.1,44.3,0.00,0.00,15,58.49,24,47.31,27,75.08,0,2.95
44.0,44.4,0.00,0.00,17,58.49,29,47.31,26,75.08,0,2.95
11.7,44.6,0.00,0.00,19,58.49,28,47.31,25,75.08,0,2.95
99.2,44.7,0.00,0.00,29,58.49,64,47.31,91,75.08,0,2.95
22.0,44.9,0.00,0.00,80,58.49,96,47.31,95,75.08,0,2.95
23.4,44.9,0.00,0.00,74,58.49,96,47.31,96,75.08,0,2.95
10.1,44.9,0.00,0.00,72,58.49,24,47.31,41,75.08,0,2.95
8.4,44.9,0.00,0.00,15,58.49,28,47.31,24,75.08,0,2.95
9.4,44.9,0.00,0.00,12,58.49,20,47.31,24,75.08,0,2.95
10.4,44.9,0.00,0.00,12,58.49,27,47.31,44,75.08,0,2.95
21.4,44.9,0.00,0.00,78,58.49,95,47.31,93,75.08,0,2.95
23.5,44.1,0.00,0.00,76,58.49,95,47.31,71,75.08,0,2.95
22.0,44.1,0.00,0.00,76,58.49,91,47.31,45,75.08,0,2.95
9.3,44.3,0.00,0.00,21,58.49,28,47.31,23,75.08,0,2.95
10.3,44.5,0.00,0.00,18,58.49,20,47.31,25,75.08,0,2.95
10.6,44.6,0.00,0.00,18,58.49,20,47.31,27,75.08,0,2.95
22.8,44.8,0.00,0.00,18,58.49,29,47.31,77,75.08,0,2.95
22.7,44.9,0.00,0.00,73,58.49,95,47.31,95,75.08,0,2.95
21.7,44.9,0.00,0.00,81,58.49,95,47.31,95,75.08,0,2.95
8.4,44.9,0.00,0.00,60,58.49,70,47.31,27,75.08,0,2.95
10.3,44.9,0.00,0.00,11,58.49,29,47.31,23,75.08,0,2.95
10.0,44.9,0.00,0.00,12,58.49,28,47.31,28,75.08,0,2.95
10.0,44.9,0.00,0.00,16,58.49,29,47.31,28,75.08,0,2.95
17.0,43.9,0.00,0.00,44,58.49,96,47.31,94,75.08,0,2.95
27.1,39.1,0.00,0.00,70,58.49,89,25.13,95,75.08,0,2.95
40.3,39.1,0.00,0.00,66,58.49,94,25.13,89,75.08,0,2.95
9.5,39.3,0.00,0.00,18,58.49,27,25.13,27,75.08,0,2.95
13.2,39.5,0.00,0.00,15,58.49,25,25.13,19,75.08,0,2.95
11.4,39.7,0.00,0.00,11,58.49,28,25.13,23,75.08,0,2.95
8.2,39.7,0.00,0.00,9,58.49,26,25.13,27,75.08,0,2.95
22.8,39.7,0.00,0.00,44,58.49,95,25.13,96,75.08,0,2.95
18.4,39.7,0.00,0.00,75,58.49,95,25.13,95,75.08,0,2.95
23.7,39.7,0.00,0.00,74,58.49,96,25.13,68,75.08,0,2.95
8.8,39.7,0.00,0.00,18,58.49,47,25.13,27,75.08,0,2.95
9.6,39.7,0.00,0.00,12,58.49,24,25.13,26,75.08,0,2.95
9.1,39.7,0.00,0.00,18,58.49,29,25.13,27,75.08,0,2.95
24.4,39.7,0.00,0.00,17,58.49,51,25.13,89,75.08,0,2.95
22.2,39.7,0.00,0.00,76,58.49,95,25.13,95,75.08,0,2.95
22.1,39.7,0.00,0.00,67,58.49,96,25.13,96,75.08,0,2.95
8.0,39.7,0.00,0.00,53,58.49,43,25.13,27,75.08,0,2.95
8.7,39.7,0.00,0.00,11,58.49,29,25.13,28,75.08,0,2.95
8.8,39.7,0.00,0.00,18,58.49,28,25.13,29,75.08,0,2.95
9.4,39.7,0.00,0.00,18,58.49,23,25.13,27,75.08,0,2.95
24.5,39.7,0.00,0.00,31,58.49,96,25.13,44,52.9,0,2.95
22.4,34.5,0.00,0.00,78,58.49,95,25.13,95,52.9,0,2.95
22.2,34.5,0.00,0.00,72,58.49,96,25.13,92,52.9,0,2.95
9.5,33.6,0.00,0.00,29,58.49,64,25.13,23,52.9,0,2.95
20.0,33.8,0.00,0.00,18,58.49,28,25.13,22,52.9,0,2.95
11.7,34.0,0.00,0.00,11,58.49,25,25.13,28,52.9,0,2.95
91.7,34.1,0.00,0.00,16,58.49,23,25.13,45,52.9,0,2.95
24.8,34.3,0.00,0.00,58,58.49,96,25.13,94,52.9,0,2.95
23.1,34.5,0.00,0.00,77,58.49,96,25.13,95,52.9,0,2.95
20.3,34.5,0.00,0.00,77,58.49,95,25.13,43,52.9,0,2.95
10.4,34.5,0.00,0.00,13,58.49,28,25.13,26,52.9,0,2.95
10.5,34.5,0.00,0.00,19,58.49,23,25.13,28,52.9,0,2.95
10.6,34.5,0.00,0.00,14,58.49,30,25.13,23,52.9,0,2.95
21.1,34.5,0.00,0.00,19,58.49,91,25.13,67,52.9,0,2.95
7.8,29.3,0.00,0.00,12,58.49,4,2.95,29,52.9,0,2.95
9.0,29.3,0.00,0.00,19,58.49,0,2.95,31,52.9,0,2.95
8.9,29.6,0.00,0.00,19,58.49,0,2.95,28,52.9,0,2.95
20.5,29.9,0.00,0.00,66,58.49,0,2.95,94,52.9,0,2.95
10.3,30.2,0.00,0.00,80,58.49,0,7.09,27,52.9,0,2.95
11.4,32.9,0.00,0.00,18,58.49,3,13.07,24,52.9,0,2.95
11.9,35.4,0.00,0.00,19,58.49,5,23.16,30,52.9,0,2.95
21.0,37.4,0.00,0.00,18,58.49,3,34.57,53,52.9,0,2.95
18.6,37.5,0.00,0.00,91,58.49,6,42.04,96,52.9,0,2.95
17.4,37.7,0.00,0.00,81,58.49,0,42.04,94,52.9,0,2.95
10.0,37.9,0.00,0.00,42,58.49,0,42.04,34,52.9,0,2.95
99.4,38.1,0.00,0.00,15,58.49,0,42.04,31,52.9,0,2.95
11.3,38.3,0.00,0.00,9,58.49,0,42.04,27,52.9,0,2.95
13.7,38.6,0.00,0.00,18,58.49,65,71.75,67,52.9,0,2.95
21.2,38.8,0.00,0.00,70,58.49,99,71.75,94,52.9,0,2.95
32.8,38.0,0.00,0.00,37,58.49,100,71.75,92,52.9,0,2.95
29.2,38.4,0.00,0.00,74,58.49,100,71.75,87,52.9,0,2.95
14.2,38.8,0.00,0.00,26,58.49,100,71.75,24,52.9,0,2.95
13.7,39.2,0.00,0.00,9,58.49,68,71.75,17,52.9,0,2.95
11.5,38.5,0.00,0.00,15,58.49,83,71.75,0,52.9,0,2.95
16.8,38.8,0.00,0.00,11,58.49,93,71.75,0,52.9,0,2.95
15.8,39.1,0.00,0.00,81,58.49,99,71.75,0,52.9,0,2.95
15.4,39.3,0.00,0.00,84,58.49,100,71.75,0,52.9,0,2.95
10.0,39.6,0.00,0.00,66,58.49,100,71.75,4,52.9,0,2.95
13.0,39.6,0.00,0.00,18,58.49,100,71.75,31,52.9,0,2.95
12.8,39.6,0.00,0.00,18,58.49,100,71.75,31,52.9,0,2.95
11.2,39.6,0.00,0.00,9,58.49,86,71.75,28,52.9,0,2.95
19.4,39.6,0.00,0.00,35,58.49,100,71.75,96,52.9,0,2.95
19.7,39.6,0.00,0.00,79,58.49,100,71.75,95,52.9,0,2.95
19.6,39.6,0.00,0.00,77,58.49,99,71.75,96,52.9,0,2.95
11.1,39.6,0.00,0.00,18,58.49,100,71.75,19,52.9,0,2.95
10.7,39.6,0.00,0.00,16,58.49,100,71.75,30,52.9,0,2.95
10.2,39.6,0.00,0.00,19,58.49,99,71.75,26,52.9,0,2.95
25.0,39.6,0.00,0.00,12,58.49,97,71.75,36,52.9,0,2.95
21.4,39.6,0.00,0.00,86,58.49,100,71.75,95,52.9,0,2.95
18.9,39.6,0.00,0.00,83,58.49,100,71.75,95,52.9,0,2.95
12.4,35.2,0.00,0.00,59,30.72,100,71.75,54,52.9,0,2.95
10.7,34.5,0.00,0.00,13,30.72,100,71.75,26,52.9,0,2.95
7.4,9.1,0.00,0.00,16,2.95,13,2.95,4,2.95,0,2.95
93.0,9.0,0.00,0.00,0,2.95,0,2.95,0,2.95,0,2.95
20.1,10.3,0.00,0.00,0,2.95,0,2.95,0,2.95,0,2.95
