AlexNet-8-1-[(1.9, 3870.96, 0.0, 241.62, 10.01), (1.15, 3860.12, 0.0, 241.62, 2.0), (3.66, 5933.42, 22.75, 1504.62, 12.39), (3.55, 6399.33, 88.83, 1504.62, 113.9)]
AlexNet-8-2-[(2.41, 4075.88, 0.0, 241.62, 10.0), (2.16, 4139.57, 0.0, 241.62, 4.04), (8.52, 8256.36, 9.0, 1444.62, 13.07), (5.61, 9193.71, 85.0, 1444.62, 57.74)]
AlexNet-8-3-[(3.52, 4276.04, 0.0, 241.62, 10.01), (1.15, 4344.84, 0.0, 253.62, 2.8), (13.35, 8912.76, 23.5, 1444.62, 13.8), (8.13, 10664.85, 77.89, 1444.62, 39.64)]
AlexNet-8-4-[(2.65, 3233.84, 0.0, 241.62, 10.01), (1.1, 3311.45, 0.0, 241.62, 2.97), (13.88, 10855.31, 0.0, 1444.62, 14.27), (10.5, 13448.22, 76.86, 1444.62, 30.04)]
AlexNet-16-1-[(3.04, 2568.67, 0.0, 241.62, 10.01), (0, 0, 0, 0, 2.08), (4.61, 4648.08, 22.5, 1506.62, 12.27), (3.9, 4994.2, 83.88, 1506.62, 61.17)]
AlexNet-16-2-[(4.67, 2684.66, 0.0, 241.62, 10.01), (0, 0, 0, 0, 2.39), (5.08, 6913.52, 21.5, 1446.62, 13.15), (6.21, 7789.8, 76.38, 1446.62, 31.67)]
AlexNet-16-3-[(2.13, 2881.44, 0.0, 241.62, 10.01), (1.15, 2944.05, 0.0, 251.62, 2.68), (8.74, 9190.32, 17.2, 1446.62, 13.46), (9.63, 10632.6, 69.6, 1446.62, 21.64)]
AlexNet-16-4-[(2.46, 3141.94, 0.0, 241.62, 10.01), (1.1, 3216.97, 0.0, 241.62, 2.97), (14.03, 11610.2, 17.8, 1446.62, 14.46), (11.11, 13327.88, 64.5, 1446.62, 16.74)]
AlexNet-32-1-[(1.49, 2486.63, 0.0, 241.62, 10.01), (1.15, 2500.68, 0.0, 608.62, 1.91), (5.22, 4545.75, 23.0, 1506.62, 11.88), (5.06, 4956.81, 80.25, 1506.62, 32.36)]
AlexNet-32-2-[(1.17, 2687.32, 0.0, 241.62, 10.01), (1.15, 2685.65, 0.0, 241.62, 2.51), (11.38, 6955.73, 22.0, 1446.62, 13.27), (8.93, 7838.37, 67.75, 1446.62, 16.73)]
AlexNet-32-3-[(1.23, 2980.6, 0.0, 241.62, 10.01), (1.1, 2976.04, 0.0, 241.62, 2.7), (10.3, 9242.6, 21.75, 1446.62, 14.08), (14.54, 10456.83, 44.67, 1446.62, 11.72)]
AlexNet-32-4-[(1.52, 3207.72, 0.0, 241.62, 10.01), (0, 0, 0, 0, 2.99), (15.11, 11607.8, 21.5, 1446.62, 14.69), (19.78, 13169.71, 43.5, 1446.62, 9.37)]
AlexNet-64-1-[(2.71, 2510.36, 0.0, 241.62, 10.01), (1.15, 2504.45, 0.0, 241.62, 1.9), (5.35, 4303.97, 23.0, 1510.62, 12.09), (5.2, 4983.81, 71.6, 1510.62, 20.77)]
AlexNet-64-2-[(4.7, 2686.23, 0.0, 241.62, 10.01), (0, 0, 0, 0, 2.37), (6.16, 6909.63, 21.25, 1450.62, 13.14), (7.82, 7769.14, 57.67, 1450.62, 11.52)]
AlexNet-64-3-[(1.21, 2983.61, 0.0, 241.62, 10.01), (0, 0, 0, 0, 2.68), (9.4, 8772.06, 12.25, 1450.62, 13.42), (11.96, 10614.75, 37.5, 1450.62, 9.18)]
AlexNet-64-4-[(1.26, 3217.78, 0.0, 241.62, 10.01), (0, 0, 0, 0, 2.96), (15.34, 11540.63, 11.8, 1450.62, 14.72), (11.21, 13246.47, 34.5, 1450.62, 8.18)]
AlexNet-128-1-[(1.34, 2507.57, 0.0, 241.62, 10.01), (1.15, 2502.77, 0.0, 241.62, 1.92), (5.6, 4555.46, 21.67, 1562.62, 12.09), (5.92, 4986.06, 47.6, 1562.62, 20.14)]
AlexNet-128-2-[(5.09, 2691.22, 0.0, 241.62, 10.01), (1.15, 2690.56, 0.0, 241.62, 2.43), (8.62, 7013.7, 14.75, 1502.62, 13.42), (8.99, 7859.3, 36.0, 1502.62, 11.59)]
AlexNet-128-3-[(2.14, 2904.6, 0.0, 241.62, 10.01), (1.1, 2966.74, 0.0, 366.62, 2.73), (14.64, 9166.84, 13.5, 1504.62, 14.0), (13.94, 10562.12, 29.67, 1504.62, 9.2)]
AlexNet-128-4-[(1.2, 3217.04, 0.0, 241.62, 10.01), (1.15, 3210.02, 0.0, 241.62, 2.95), (15.89, 11766.33, 8.0, 1502.62, 14.22), (11.52, 13530.42, 0.0, 1502.62, 8.34)]
ResNet18-8-1-[(2.46, 2505.0, 0.0, 241.62, 10.01), (0, 0, 0, 0, 1.7), (3.88, 4623.48, 10.75, 762.62, 12.97), (3.08, 5002.64, 41.57, 762.62, 157.63)]
ResNet18-8-2-[(3.53, 2677.43, 0.0, 241.62, 10.0), (1.1, 2701.29, 0.0, 366.62, 2.14), (6.79, 6961.91, 10.5, 706.62, 13.62), (5.03, 7839.77, 39.24, 706.62, 81.91)]
ResNet18-8-3-[(4.03, 2950.79, 0.0, 241.62, 10.01), (1.1, 2959.38, 0.0, 368.62, 2.36), (8.34, 9356.88, 10.0, 706.62, 13.96), (7.24, 10677.94, 38.36, 708.62, 54.7)]
ResNet18-8-4-[(1.27, 3222.29, 0.0, 241.62, 10.01), (1.1, 3214.46, 0.0, 241.62, 2.54), (13.9, 11721.91, 24.8, 706.62, 14.58), (9.0, 13550.49, 39.56, 706.62, 42.46)]
ResNet18-16-1-[(1.5, 2489.55, 0.0, 241.62, 10.01), (0, 0, 0, 0, 1.77), (3.22, 4475.26, 0.0, 786.62, 12.99), (3.48, 5004.0, 46.86, 786.62, 87.27)]
ResNet18-16-2-[(4.16, 2635.87, 0.0, 241.62, 10.01), (1.15, 2699.91, 0.0, 434.62, 2.09), (6.72, 6735.96, 24.67, 718.62, 12.83), (6.27, 7819.83, 43.82, 718.62, 44.2)]
ResNet18-16-3-[(3.96, 2950.83, 0.0, 241.62, 10.01), (1.15, 2947.0, 0.0, 241.62, 2.38), (11.84, 9353.58, 12.5, 718.62, 13.69), (8.6, 10656.44, 41.14, 718.62, 30.85)]
ResNet18-16-4-[(6.09, 3149.53, 0.0, 241.62, 10.01), (0, 0, 0, 0, 2.59), (10.18, 11723.46, 10.75, 718.62, 13.96), (10.58, 13507.22, 36.33, 718.62, 25.33)]
ResNet18-32-1-[(2.53, 2490.1, 0.0, 241.62, 10.01), (0, 0, 0, 0, 1.74), (5.06, 4662.26, 16.25, 824.62, 13.1), (4.43, 5037.62, 57.75, 824.62, 45.57)]
ResNet18-32-2-[(4.53, 2668.91, 0.0, 241.62, 10.01), (0, 0, 0, 0, 2.15), (10.08, 6784.05, 18.0, 770.62, 12.95), (8.27, 7861.54, 44.5, 770.62, 23.31)]
ResNet18-32-3-[(1.15, 2946.25, 0.0, 241.62, 10.01), (0, 0, 0, 0, 2.34), (14.64, 9295.46, 14.75, 768.62, 14.24), (11.08, 10655.9, 42.25, 768.62, 16.15)]
ResNet18-32-4-[(1.18, 3225.98, 0.0, 241.62, 10.01), (1.15, 3219.34, 0.0, 241.62, 2.51), (14.76, 11744.79, 12.0, 768.62, 14.6), (11.99, 13492.74, 40.0, 768.62, 12.26)]
ResNet18-64-1-[(1.17, 2507.1, 0.0, 241.62, 10.01), (1.15, 2503.15, 0.0, 251.62, 1.74), (2.9, 4630.97, 19.5, 918.62, 12.14), (4.79, 5070.48, 66.57, 918.62, 28.92)]
ResNet18-64-2-[(3.57, 2713.08, 0.0, 241.62, 10.01), (0, 0, 0, 0, 2.17), (10.22, 6813.62, 15.5, 858.62, 12.9), (9.1, 7931.15, 66.0, 858.62, 15.37)]
ResNet18-64-3-[(1.12, 2983.76, 0.0, 241.62, 10.01), (1.1, 2979.7, 0.0, 241.62, 2.41), (12.02, 9360.35, 14.8, 854.62, 14.24), (11.59, 10763.76, 38.0, 854.62, 10.43)]
ResNet18-64-4-[(5.55, 3164.86, 0.0, 241.62, 10.01), (0, 0, 0, 0, 2.55), (13.56, 11744.34, 16.0, 854.62, 14.08), (15.54, 13459.79, 49.33, 854.62, 8.84)]
ResNet18-128-1-[(1.45, 2492.81, 0.0, 241.62, 10.01), (0, 0, 0, 0, 1.78), (2.77, 4460.52, 4.0, 1044.62, 13.0), (5.48, 5114.74, 75.4, 1044.62, 20.72)]
ResNet18-128-2-[(4.17, 2708.05, 0.0, 241.62, 10.01), (0, 0, 0, 0, 2.1), (6.79, 6664.5, 12.5, 992.62, 13.46), (10.46, 7966.75, 55.33, 992.62, 11.81)]
ResNet18-128-3-[(3.5, 2897.92, 0.0, 241.62, 10.01), (1.15, 2967.08, 0.0, 368.62, 2.32), (10.54, 9019.39, 0.0, 992.62, 13.49), (11.66, 10853.88, 36.0, 992.62, 9.14)]
ResNet18-128-4-[(1.12, 3225.42, 0.0, 241.62, 10.01), (1.1, 3221.16, 0.0, 251.62, 2.61), (11.51, 11873.23, 10.2, 992.62, 14.51), (15.94, 13595.68, 30.0, 992.62, 8.38)]
ResNet50-8-1-[(3.14, 2515.4, 0.0, 241.62, 10.01), (1.15, 2509.88, 0.0, 241.62, 1.93), (2.82, 4438.66, 2.0, 986.62, 12.96), (2.55, 5002.49, 42.95, 986.62, 386.33)]
ResNet50-8-2-[(4.75, 2702.55, 0.0, 241.62, 10.0), (0, 0, 0, 0, 2.28), (8.33, 6831.26, 7.75, 918.62, 13.46), (3.92, 7844.96, 41.45, 918.62, 197.36)]
ResNet50-8-3-[(5.34, 2868.18, 0.0, 241.62, 10.01), (1.1, 2951.59, 0.0, 241.62, 2.52), (11.22, 9375.4, 10.25, 918.62, 13.95), (5.51, 10711.73, 40.2, 918.62, 133.66)]
ResNet50-8-4-[(1.12, 3216.12, 0.0, 241.62, 10.01), (1.1, 3211.77, 0.0, 241.62, 2.62), (12.64, 11613.54, 20.0, 918.62, 14.26), (6.93, 13558.35, 39.55, 918.62, 101.15)]
ResNet50-16-1-[(2.67, 2500.39, 0.0, 241.62, 10.01), (0, 0, 0, 0, 1.93), (5.45, 4413.8, 7.0, 1038.62, 12.73), (2.72, 5041.77, 56.85, 1038.62, 202.7)]
ResNet50-16-2-[(2.46, 2700.68, 0.0, 241.62, 10.0), (0, 0, 0, 0, 2.41), (3.88, 6901.8, 14.75, 990.62, 13.46), (4.61, 7842.66, 54.92, 990.62, 102.09)]
ResNet50-16-3-[(3.42, 2904.78, 0.0, 241.62, 10.01), (1.15, 2955.93, 0.0, 253.62, 2.56), (10.35, 9390.38, 11.6, 992.62, 14.29), (5.9, 10716.8, 53.25, 992.62, 68.51)]
ResNet50-16-4-[(1.23, 3207.41, 0.0, 241.62, 10.01), (1.15, 3203.87, 0.0, 241.62, 2.88), (11.34, 11366.79, 25.0, 992.62, 13.97), (7.42, 13531.01, 51.0, 992.62, 53.33)]
ResNet50-32-1-[(3.01, 2454.58, 0.0, 241.62, 10.01), (1.15, 2493.32, 0.0, 368.62, 1.9), (7.23, 4372.69, 1.0, 1166.62, 12.4), (3.0, 5029.88, 73.79, 1166.62, 112.47)]
ResNet50-32-2-[(4.01, 2697.24, 0.0, 241.62, 10.0), (0, 0, 0, 0, 2.39), (6.09, 6959.86, 18.0, 1114.62, 13.36), (5.1, 7873.85, 70.07, 1114.62, 56.59)]
ResNet50-32-3-[(5.2, 2936.31, 0.0, 241.62, 10.01), (0, 0, 0, 0, 2.55), (7.69, 9390.53, 19.0, 1106.62, 14.28), (7.44, 10709.3, 66.11, 1106.62, 38.51)]
ResNet50-32-4-[(6.48, 3099.04, 0.0, 241.62, 10.01), (1.1, 3211.02, 0.0, 241.62, 2.7), (13.21, 11188.72, 21.0, 1108.62, 14.06), (9.5, 13550.75, 61.71, 1108.62, 29.0)]
ResNet50-64-1-[(2.99, 2488.57, 0.0, 241.62, 10.01), (0, 0, 0, 0, 1.88), (4.9, 4638.52, 24.0, 1392.62, 12.66), (3.38, 5066.6, 91.6, 1392.62, 77.55)]
ResNet50-64-2-[(4.78, 2612.87, 0.67, 241.62, 10.01), (1.1, 2701.63, 0.0, 241.62, 2.4), (7.37, 6441.72, 22.33, 1340.62, 13.14), (6.19, 7908.36, 85.3, 1340.62, 38.81)]
ResNet50-64-3-[(3.23, 2907.31, 0.0, 241.62, 10.01), (1.1, 2973.01, 0.0, 366.62, 2.5), (10.7, 9432.53, 23.5, 1322.62, 13.6), (8.01, 10737.01, 79.17, 1322.62, 25.6)]
ResNet50-64-4-[(1.68, 3201.85, 0.0, 241.62, 10.01), (0, 0, 0, 0, 2.78), (12.73, 11835.65, 23.75, 1322.62, 14.53), (9.78, 13551.58, 67.5, 1322.62, 20.03)]
ResNet50-128-1-[(1.48, 2500.69, 0.0, 241.62, 10.01), (1.15, 2497.27, 0.0, 241.62, 1.98), (5.6, 4650.15, 24.75, 1900.62, 13.07), (3.58, 5074.68, 92.81, 1900.62, 60.47)]
ResNet50-128-2-[(3.07, 2651.07, 0.0, 241.62, 10.01), (1.15, 2701.47, 0.0, 370.62, 2.36), (6.76, 7003.47, 24.75, 1818.62, 13.28), (5.89, 7952.45, 84.86, 1818.62, 29.98)]
ResNet50-128-3-[(2.14, 2900.25, 0.0, 241.62, 10.01), (1.1, 2962.58, 0.0, 426.62, 2.63), (12.51, 9222.53, 23.5, 1828.62, 14.11), (8.41, 10783.29, 66.4, 1828.62, 19.76)]
ResNet50-128-4-[(1.17, 3231.0, 0.0, 241.62, 10.01), (1.15, 3224.11, 0.0, 241.62, 2.85), (15.13, 11937.76, 20.6, 1820.62, 14.15), (11.22, 13677.41, 65.67, 1820.62, 14.69)]
VGG16-8-1-[(2.83, 2499.77, 0.0, 241.62, 10.01), (1.49, 2524.88, 0.0, 348.62, 3.81), (2.94, 4378.43, 14.5, 2906.62, 12.97), (2.64, 4983.23, 97.81, 2906.62, 325.37)]
VGG16-8-2-[(1.23, 2702.13, 0.0, 241.62, 10.01), (2.09, 3148.22, 0.0, 608.12, 4.15), (8.26, 6469.93, 22.0, 2846.62, 12.92), (4.17, 7763.41, 96.12, 2846.62, 163.58)]
VGG16-8-3-[(1.12, 2951.52, 0.0, 241.62, 10.01), (2.62, 3717.77, 0.0, 596.12, 4.5), (9.75, 9523.36, 49.5, 2846.62, 13.66), (5.66, 10546.48, 96.31, 2846.62, 109.54)]
VGG16-8-4-[(1.17, 3216.27, 0.0, 241.62, 10.01), (2.59, 3278.09, 0.0, 241.62, 4.78), (13.76, 11295.31, 66.67, 2846.62, 13.95), (7.73, 13327.25, 93.39, 2846.62, 82.12)]
VGG16-16-1-[(3.05, 2462.1, 0.0, 241.62, 10.01), (1.15, 2489.46, 0.0, 241.62, 3.67), (4.96, 4268.04, 33.0, 2902.62, 12.45), (2.88, 4979.37, 96.98, 2902.62, 189.85)]
VGG16-16-2-[(4.13, 2674.38, 0.0, 241.62, 10.01), (1.15, 2699.21, 0.0, 241.62, 4.24), (7.31, 6901.13, 24.75, 2842.62, 12.79), (4.71, 7788.93, 94.88, 2842.62, 95.34)]
VGG16-16-3-[(1.15, 2953.28, 0.0, 241.62, 10.01), (2.6, 3653.74, 0.0, 608.12, 4.64), (11.12, 9006.32, 25.0, 2844.62, 13.99), (5.99, 10554.91, 93.43, 2844.62, 63.91)]
VGG16-16-4-[(1.18, 3208.2, 0.0, 241.62, 10.01), (1.1, 3204.34, 0.0, 241.62, 4.63), (14.7, 11762.12, 39.8, 2846.62, 14.13), (7.78, 13393.62, 89.1, 2846.62, 47.96)]
VGG16-32-1-[(2.57, 2505.0, 0.0, 241.62, 10.0), (1.82, 2678.79, 0.0, 368.62, 3.92), (5.97, 4339.33, 7.0, 3050.62, 12.84), (3.01, 5004.75, 95.91, 3050.62, 125.35)]
VGG16-32-2-[(4.64, 2700.55, 0.0, 241.62, 10.0), (2.69, 3027.73, 0.0, 430.62, 4.18), (10.52, 6834.48, 24.75, 2990.62, 13.33), (4.83, 7766.32, 92.4, 2990.62, 63.02)]
VGG16-32-3-[(1.2, 2965.38, 0.0, 241.62, 10.01), (2.62, 3409.15, 0.0, 305.12, 4.62), (10.55, 9214.18, 24.75, 2990.62, 13.52), (6.81, 10595.4, 89.78, 2990.62, 42.08)]
VGG16-32-4-[(1.15, 3209.37, 0.0, 241.62, 10.01), (3.12, 4022.85, 0.0, 607.12, 4.77), (13.09, 11464.22, 24.75, 2992.62, 14.01), (9.21, 13304.37, 84.86, 2992.62, 31.73)]
VGG16-64-1-[(3.05, 2458.66, 0.0, 241.62, 10.01), (1.06, 2493.37, 0.0, 241.62, 3.87), (6.1, 4310.91, 19.33, 3496.62, 12.55), (3.1, 5003.7, 95.19, 3496.62, 97.37)]
VGG16-64-2-[(1.51, 2704.32, 0.0, 241.62, 10.01), (2.13, 2943.16, 0.0, 305.12, 4.43), (7.82, 6716.44, 0.0, 3434.62, 13.64), (5.04, 7797.86, 90.27, 3434.62, 48.81)]
VGG16-64-3-[(5.12, 2921.67, 0.0, 241.62, 10.0), (1.15, 2952.0, 0.0, 241.62, 4.61), (11.15, 9249.67, 24.75, 3434.62, 13.99), (7.0, 10642.09, 84.86, 3434.62, 32.66)]
VGG16-64-4-[(1.72, 3215.84, 0.0, 241.62, 10.01), (3.12, 4070.14, 0.0, 607.12, 4.63), (14.1, 10772.36, 1.0, 3434.62, 14.29), (10.38, 13399.01, 82.5, 3434.62, 24.38)]
VGG16-128-1-[(2.83, 2494.63, 0.0, 241.62, 10.0), (1.34, 2510.66, 0.0, 251.62, 3.84), (5.5, 4619.8, 33.33, 4538.62, 12.25), (3.38, 5043.09, 95.19, 4538.62, 80.86)]
VGG16-128-2-[(1.25, 2709.45, 0.0, 241.62, 10.01), (2.11, 3061.56, 0.0, 574.12, 4.2), (7.48, 6941.3, 24.75, 4472.62, 13.02), (5.92, 7828.72, 89.2, 4472.62, 40.36)]
VGG16-128-3-[(2.13, 2894.06, 0.0, 241.62, 10.01), (1.2, 2962.35, 0.0, 241.62, 4.6), (11.16, 9196.48, 25.0, 4476.62, 13.87), (8.06, 10616.04, 75.14, 4476.62, 27.03)]
VGG16-128-4-[(2.56, 3208.03, 0.0, 241.62, 10.01), (4.75, 4142.38, 0.0, 822.62, 4.87), (15.42, 11739.4, 19.8, 4476.62, 14.35), (9.72, 13551.49, 74.25, 4476.62, 20.2)]
MobileNetv2-8-1-[(3.07, 2472.48, 1.33, 241.62, 10.01), (1.1, 2503.14, 0.0, 462.62, 1.62), (3.16, 4600.3, 5.0, 664.62, 12.89), (2.61, 5035.51, 20.37, 664.62, 353.64)]
MobileNetv2-8-2-[(4.11, 2659.07, 0.0, 241.62, 10.01), (1.15, 2692.79, 0.0, 408.62, 2.02), (8.69, 6745.4, 1.75, 604.62, 13.63), (3.98, 7845.06, 19.98, 604.62, 180.0)]
MobileNetv2-8-3-[(2.67, 2896.79, 0.0, 241.62, 10.01), (1.1, 2955.48, 0.0, 368.62, 2.24), (9.75, 9350.95, 30.25, 604.62, 14.07), (5.76, 10642.86, 19.15, 604.62, 121.28)]
MobileNetv2-8-4-[(2.02, 3211.93, 0.0, 241.62, 10.0), (1.15, 3209.1, 0.0, 241.62, 2.42), (11.94, 11511.34, 19.25, 604.62, 13.71), (7.54, 13508.96, 19.55, 604.62, 90.31)]
MobileNetv2-16-1-[(2.72, 2486.92, 0.0, 241.62, 10.0), (0, 0, 0, 0, 1.59), (4.72, 4569.6, 7.75, 718.62, 12.67), (2.85, 5036.03, 25.65, 718.62, 180.21)]
MobileNetv2-16-2-[(1.2, 2696.98, 0.0, 241.62, 10.01), (1.1, 2695.97, 0.0, 241.62, 2.0), (5.31, 6863.86, 28.0, 656.62, 13.23), (4.4, 7837.42, 24.65, 656.62, 92.39)]
MobileNetv2-16-3-[(2.83, 2887.22, 0.0, 241.62, 10.01), (1.1, 2965.03, 0.0, 251.62, 2.27), (7.34, 9169.09, 5.75, 656.62, 13.84), (6.52, 10716.13, 23.07, 656.62, 63.51)]
MobileNetv2-16-4-[(3.1, 3117.29, 0.0, 241.62, 10.01), (1.15, 3214.15, 0.0, 368.62, 2.5), (16.88, 11441.92, 0.0, 656.62, 13.91), (8.04, 13468.51, 23.0, 656.62, 46.3)]
MobileNetv2-32-1-[(1.45, 2496.56, 0.0, 241.62, 10.01), (0, 0, 0, 0, 1.59), (4.86, 4571.2, 9.25, 816.62, 12.62), (3.25, 5027.35, 35.25, 816.62, 91.56)]
MobileNetv2-32-2-[(1.48, 2702.48, 0.0, 241.62, 10.0), (1.1, 2700.58, 0.0, 245.62, 1.99), (6.31, 7003.52, 8.75, 760.62, 13.32), (5.87, 7842.63, 32.27, 760.62, 47.77)]
MobileNetv2-32-3-[(1.2, 2965.68, 0.0, 241.62, 10.01), (1.15, 2962.94, 0.0, 241.62, 2.18), (11.08, 9321.99, 14.0, 758.62, 14.28), (7.76, 10727.94, 33.57, 758.62, 31.16)]
MobileNetv2-32-4-[(1.47, 3220.57, 0.0, 241.62, 10.01), (0, 0, 0, 0, 2.38), (15.08, 11900.65, 7.2, 756.62, 13.41), (9.87, 13596.83, 27.8, 756.62, 25.35)]
MobileNetv2-64-1-[(3.04, 2489.11, 0.0, 241.62, 10.01), (0, 0, 0, 0, 1.55), (3.97, 4604.92, 17.67, 1042.62, 12.71), (4.28, 5043.43, 47.38, 1042.62, 47.38)]
MobileNetv2-64-2-[(1.81, 2660.21, 0.0, 241.62, 10.01), (0, 0, 0, 0, 1.93), (6.76, 6931.45, 19.5, 986.62, 13.46), (6.53, 7931.44, 44.5, 986.62, 25.68)]
MobileNetv2-64-3-[(1.15, 2966.96, 0.0, 241.62, 10.0), (1.1, 2962.93, 0.0, 254.62, 2.2), (9.66, 9183.64, 34.75, 976.62, 13.38), (9.24, 10675.75, 36.25, 976.62, 16.65)]
MobileNetv2-64-4-[(1.29, 3228.41, 0.0, 241.62, 10.01), (0, 0, 0, 0, 2.5), (10.9, 11755.83, 11.5, 994.62, 13.92), (12.32, 13508.08, 29.67, 994.62, 13.23)]
MobileNetv2-128-1-[(1.34, 2509.07, 0.0, 241.62, 10.01), (0, 0, 0, 0, 1.6), (2.87, 4492.51, 14.25, 1494.62, 12.75), (5.19, 5080.5, 65.86, 1494.62, 27.7)]
MobileNetv2-128-2-[(4.24, 2713.81, 0.0, 241.62, 10.0), (0, 0, 0, 0, 1.94), (6.6, 6637.3, 14.25, 1416.62, 12.97), (8.56, 7987.88, 48.33, 1416.62, 14.94)]
MobileNetv2-128-3-[(5.39, 2950.78, 0.0, 241.62, 10.01), (0, 0, 0, 0, 2.2), (12.64, 9363.23, 18.75, 1424.62, 13.9), (13.66, 10702.78, 49.33, 1424.62, 10.0)]
MobileNetv2-128-4-[(1.25, 3234.46, 0.0, 241.62, 10.01), (1.1, 3227.18, 0.0, 241.62, 2.43), (16.17, 11911.14, 12.4, 1446.62, 14.73), (14.78, 13775.29, 58.0, 1446.62, 8.88)]
