AlexNet-8-1-[(1.25, 5033.25, 0.0, 270.75, 10.01), (1.06, 5036.44, 0.0, 445.75, 1.88), (5.12, 6986.59, 8.8, 1583.75, 12.59), (3.56, 7591.63, 82.92, 1583.75, 96.14)]
AlexNet-8-2-[(1.37, 5282.74, 0.0, 270.75, 10.01), (1.1, 5278.36, 0.0, 280.75, 2.39), (7.38, 9214.98, 17.2, 1523.75, 12.7), (6.17, 9376.73, 75.82, 1523.75, 48.71)]
AlexNet-8-3-[(1.67, 4181.45, 0.0, 270.75, 10.01), (1.06, 4184.66, 0.0, 270.75, 2.54), (10.13, 9938.86, 11.0, 1523.75, 14.2), (7.92, 11843.78, 75.0, 1523.75, 33.45)]
AlexNet-16-1-[(2.11, 3707.44, 0.0, 270.75, 10.01), (1.15, 3704.01, 0.0, 270.75, 1.87), (4.72, 5677.42, 3.0, 1585.75, 12.31), (3.89, 6217.92, 78.76, 1585.75, 53.19)]
AlexNet-16-2-[(1.31, 3833.21, 0.0, 270.75, 10.01), (0, 0, 0, 0, 2.34), (5.92, 8162.0, 13.67, 1525.75, 13.26), (6.97, 8963.98, 78.11, 1525.75, 27.05)]
AlexNet-16-3-[(4.49, 4099.0, 0.0, 270.75, 10.01), (1.06, 4107.45, 0.0, 270.75, 2.55), (10.94, 10270.78, 13.83, 1525.75, 13.61), (9.99, 11726.94, 68.67, 1525.75, 18.08)]
AlexNet-32-1-[(2.26, 3624.27, 0.0, 270.75, 10.0), (1.06, 3629.94, 0.0, 270.75, 1.94), (5.49, 5580.31, 7.8, 1585.75, 12.15), (4.96, 6168.52, 76.2, 1585.75, 26.39)]
AlexNet-32-2-[(1.28, 3854.64, 0.0, 270.75, 10.01), (1.15, 3852.08, 0.0, 280.75, 2.35), (7.76, 7749.23, 2.2, 1525.75, 13.41), (9.26, 8928.43, 65.6, 1525.75, 13.84)]
AlexNet-32-3-[(3.01, 4105.86, 0.0, 270.75, 10.01), (1.1, 4100.77, 0.0, 270.75, 2.55), (12.23, 10565.4, 13.5, 1525.75, 14.1), (12.08, 11784.2, 58.33, 1525.75, 9.65)]
AlexNet-64-1-[(1.15, 3630.34, 0.0, 270.75, 10.01), (1.34, 3644.2, 0.0, 677.75, 1.86), (5.88, 5518.2, 0.0, 1645.75, 12.08), (7.24, 6149.41, 66.67, 1645.75, 14.9)]
AlexNet-64-2-[(3.32, 3825.05, 0.0, 270.75, 10.01), (2.06, 4009.84, 0.0, 745.75, 2.29), (8.22, 7779.19, 8.2, 1585.75, 13.33), (11.54, 8977.41, 58.67, 1585.75, 8.13)]
AlexNet-64-3-[(3.84, 4101.29, 0.0, 270.75, 10.01), (0, 0, 0, 0, 2.49), (9.66, 9860.23, 11.4, 1585.75, 14.51), (14.88, 11685.34, 41.0, 1585.75, 5.92)]
AlexNet-128-1-[(1.3, 3624.27, 0.0, 270.75, 10.01), (0, 0, 0, 0, 1.87), (6.62, 5740.87, 13.8, 1695.75, 12.21), (5.54, 6174.34, 58.4, 1695.75, 14.03)]
AlexNet-128-2-[(2.86, 3829.66, 0.0, 270.75, 10.01), (1.1, 3836.58, 0.0, 270.75, 2.27), (8.78, 8048.52, 11.0, 1635.75, 13.27), (9.83, 9022.3, 42.33, 1635.75, 7.96)]
AlexNet-128-3-[(1.26, 4098.4, 0.0, 270.75, 10.01), (1.06, 4094.3, 0.0, 280.75, 2.59), (12.55, 10413.5, 13.0, 1637.75, 14.05), (15.82, 11684.98, 8.0, 1637.75, 5.47)]
ResNet18-8-1-[(2.29, 3627.2, 0.0, 270.75, 10.01), (1.06, 3625.65, 0.0, 270.75, 1.49), (4.87, 5711.97, 7.4, 855.75, 12.18), (2.97, 6167.05, 37.28, 855.75, 155.04)]
ResNet18-8-2-[(3.72, 3811.7, 0.0, 270.75, 10.01), (1.06, 3820.35, 0.0, 270.75, 1.99), (6.97, 8008.63, 16.4, 785.75, 12.73), (4.89, 9023.52, 36.36, 785.75, 79.65)]
ResNet18-8-3-[(1.48, 4078.2, 0.0, 270.75, 10.01), (1.06, 4084.12, 0.0, 270.75, 2.09), (10.48, 10426.76, 8.0, 785.75, 13.92), (6.55, 11780.08, 35.56, 787.75, 53.81)]
ResNet18-16-1-[(1.25, 3615.94, 0.0, 270.75, 10.0), (1.1, 3612.82, 0.0, 311.75, 1.54), (4.73, 5733.84, 7.0, 881.75, 12.9), (3.3, 6181.62, 39.76, 881.75, 84.97)]
ResNet18-16-2-[(1.39, 3851.33, 0.0, 270.75, 10.01), (1.1, 3852.32, 0.0, 280.75, 1.95), (8.77, 8048.76, 0.0, 813.75, 13.2), (5.52, 9037.02, 36.62, 813.75, 45.64)]
ResNet18-16-3-[(3.6, 4100.19, 0.0, 270.75, 10.01), (1.06, 4092.59, 0.0, 280.75, 2.2), (11.57, 10288.44, 7.0, 813.75, 13.1), (7.91, 11853.44, 35.0, 813.75, 31.06)]
ResNet18-32-1-[(1.29, 3613.06, 0.0, 270.75, 10.01), (0, 0, 0, 0, 1.52), (5.54, 5691.77, 10.4, 913.75, 12.54), (3.87, 6182.6, 49.0, 913.75, 42.91)]
ResNet18-32-2-[(1.09, 3839.37, 0.0, 270.75, 10.01), (0, 0, 0, 0, 1.88), (8.88, 7863.6, 1.2, 859.75, 13.68), (7.45, 9041.38, 44.0, 859.75, 22.07)]
ResNet18-32-3-[(1.56, 4095.88, 0.0, 270.75, 10.01), (1.1, 4092.41, 0.0, 447.75, 2.18), (11.86, 10268.47, 16.0, 857.75, 13.49), (10.17, 11852.32, 36.2, 857.75, 16.27)]
ResNet18-64-1-[(1.2, 3633.28, 0.0, 270.75, 10.01), (1.1, 3629.23, 0.0, 581.75, 1.51), (5.49, 5702.79, 14.6, 977.75, 12.31), (4.83, 6205.55, 65.9, 977.75, 24.32)]
ResNet18-64-2-[(1.16, 3843.71, 0.0, 270.75, 10.01), (1.25, 3844.53, 0.0, 581.75, 1.92), (9.92, 7849.17, 9.2, 925.75, 12.82), (8.74, 9088.78, 57.5, 925.75, 13.44)]
ResNet18-64-3-[(1.12, 4116.79, 0.0, 270.75, 10.01), (1.15, 4114.68, 0.0, 513.75, 2.15), (12.4, 10525.11, 10.17, 921.75, 13.63), (11.1, 11914.57, 42.33, 921.75, 9.44)]
ResNet18-128-1-[(1.15, 3628.69, 0.0, 270.75, 10.01), (1.15, 3622.81, 0.0, 579.75, 1.53), (5.54, 5654.79, 0.0, 1123.75, 12.78), (5.77, 6259.62, 72.17, 1123.75, 16.55)]
ResNet18-128-2-[(2.4, 3841.27, 0.0, 270.75, 10.01), (0, 0, 0, 0, 1.92), (9.5, 8134.5, 17.4, 1071.75, 13.05), (8.94, 9040.41, 57.0, 1071.75, 8.67)]
ResNet18-128-3-[(1.47, 4111.76, 0.0, 270.75, 10.0), (1.06, 4105.79, 0.0, 280.75, 2.17), (10.25, 10675.76, 13.0, 1071.75, 14.02), (14.62, 12001.52, 39.0, 1071.75, 6.6)]
ResNet50-8-1-[(1.18, 3629.64, 0.0, 270.75, 10.01), (1.1, 3627.6, 0.0, 447.75, 1.76), (4.92, 5695.25, 7.8, 1071.75, 12.59), (2.47, 6167.07, 37.88, 1071.75, 375.62)]
ResNet50-8-2-[(1.37, 3829.62, 0.0, 270.75, 10.01), (1.06, 3827.48, 0.0, 280.75, 2.31), (8.34, 7949.57, 6.0, 997.75, 12.52), (4.11, 8997.23, 37.27, 997.75, 190.63)]
ResNet50-8-3-[(1.46, 4083.67, 0.0, 270.75, 10.01), (1.06, 4083.68, 0.0, 280.75, 2.47), (11.34, 10337.86, 17.4, 997.75, 14.13), (5.33, 11843.22, 36.95, 997.75, 131.09)]
ResNet50-16-1-[(1.95, 3612.78, 0.0, 270.75, 10.01), (0, 0, 0, 0, 1.76), (5.41, 5692.23, 9.2, 1117.75, 12.29), (2.68, 6179.38, 44.31, 1117.75, 193.61)]
ResNet50-16-2-[(1.39, 3827.05, 0.0, 270.75, 10.01), (1.06, 3829.62, 0.0, 270.75, 2.22), (6.5, 7796.73, 39.6, 1069.75, 13.28), (4.41, 9008.33, 43.09, 1069.75, 97.61)]
ResNet50-16-3-[(1.1, 4083.67, 0.0, 270.75, 10.01), (1.78, 4120.75, 0.0, 565.75, 2.43), (11.22, 10651.88, 7.33, 1069.75, 13.72), (5.77, 11882.17, 40.23, 1069.75, 67.73)]
ResNet50-32-1-[(1.14, 3617.21, 0.0, 270.75, 10.01), (1.15, 3611.34, 0.0, 445.75, 1.76), (5.07, 5699.12, 12.0, 1245.75, 12.5), (3.08, 6173.23, 58.69, 1245.75, 101.06)]
ResNet50-32-2-[(3.53, 3828.6, 0.0, 270.75, 10.01), (1.1, 3825.91, 0.0, 270.75, 2.26), (8.26, 8249.2, 10.33, 1179.75, 13.04), (4.82, 9066.54, 58.0, 1179.75, 51.96)]
ResNet50-32-3-[(4.46, 4103.48, 0.0, 270.75, 10.01), (1.1, 4111.11, 0.0, 270.75, 2.45), (11.83, 10370.39, 13.6, 1171.75, 13.7), (6.94, 11906.36, 53.27, 1171.75, 34.58)]
ResNet50-64-1-[(1.13, 3626.77, 0.0, 270.75, 10.01), (1.39, 3639.5, 0.0, 697.75, 1.7), (4.34, 5746.43, 13.2, 1445.75, 12.35), (3.28, 6205.01, 82.17, 1477.75, 60.72)]
ResNet50-64-2-[(1.26, 3836.36, 0.0, 270.75, 10.0), (1.06, 3832.87, 0.0, 419.75, 2.22), (7.11, 8182.29, 17.2, 1425.75, 12.73), (6.05, 9093.68, 77.82, 1425.75, 29.79)]
ResNet50-64-3-[(1.5, 4098.45, 0.0, 270.75, 10.01), (1.1, 4106.14, 0.0, 270.75, 2.42), (10.49, 10458.92, 15.2, 1407.75, 13.34), (8.15, 11906.97, 66.71, 1407.75, 20.73)]
ResNet50-128-1-[(2.11, 3620.96, 0.0, 270.75, 10.01), (0, 0, 0, 0, 1.71), (5.54, 5730.47, 19.8, 1961.75, 12.64), (3.52, 6226.67, 92.18, 1961.75, 44.56)]
ResNet50-128-2-[(1.49, 3811.42, 0.0, 270.75, 10.01), (1.54, 3859.85, 0.0, 447.75, 2.1), (7.07, 7962.09, 17.6, 1879.75, 13.45), (6.96, 9097.9, 84.75, 1879.75, 21.61)]
ResNet50-128-3-[(1.41, 4089.44, 0.0, 270.75, 10.01), (0, 0, 0, 0, 2.42), (10.75, 9933.43, 6.2, 1889.75, 13.45), (8.73, 11961.12, 67.2, 1889.75, 14.54)]
VGG16-8-1-[(2.04, 3631.98, 0.0, 270.75, 10.01), (1.6, 3884.37, 0.0, 275.75, 3.71), (5.01, 5715.31, 13.0, 2985.75, 12.45), (2.73, 6139.66, 96.77, 2985.75, 245.44)]
VGG16-8-2-[(2.88, 3835.11, 0.0, 270.75, 10.0), (2.11, 4387.28, 0.0, 656.25, 4.14), (7.97, 8177.74, 16.0, 2925.75, 12.96), (4.22, 8952.26, 96.02, 2925.75, 123.8)]
VGG16-8-3-[(1.19, 4079.29, 0.0, 270.75, 10.01), (2.64, 4918.85, 0.0, 358.25, 4.18), (12.27, 10289.36, 16.33, 2925.75, 13.4), (5.78, 11754.3, 94.92, 2925.75, 82.36)]
VGG16-16-1-[(1.12, 3625.8, 0.0, 270.75, 10.01), (1.3, 3630.62, 0.0, 270.75, 3.62), (5.15, 5698.41, 16.33, 2981.75, 12.6), (2.86, 6124.05, 97.49, 2981.75, 146.65)]
VGG16-16-2-[(2.77, 3818.29, 0.0, 270.75, 10.01), (2.3, 4095.71, 0.0, 270.75, 4.17), (9.11, 8053.5, 16.17, 2921.75, 12.68), (4.65, 8884.23, 96.46, 2921.75, 73.63)]
VGG16-16-3-[(1.2, 4080.9, 0.0, 270.75, 10.01), (1.68, 4105.29, 0.0, 270.75, 4.21), (11.77, 10004.56, 6.4, 2923.75, 13.49), (6.55, 11742.16, 92.24, 2923.75, 49.05)]
VGG16-32-1-[(1.3, 3607.18, 0.0, 270.75, 10.0), (1.63, 3722.96, 0.0, 270.75, 3.56), (3.72, 5752.84, 16.5, 3129.75, 12.62), (2.96, 6144.61, 97.74, 3129.75, 99.27)]
VGG16-32-2-[(1.25, 3829.09, 0.0, 270.75, 10.01), (2.18, 4383.34, 0.0, 664.25, 4.11), (9.2, 7864.96, 19.6, 3069.75, 13.15), (4.84, 8953.13, 92.82, 3069.75, 49.07)]
VGG16-32-3-[(1.15, 4088.76, 0.0, 270.75, 10.01), (2.59, 4916.86, 0.0, 618.25, 4.14), (13.19, 10455.56, 16.5, 3069.75, 13.63), (6.87, 11772.77, 95.8, 3069.75, 32.48)]
VGG16-64-1-[(1.16, 3617.44, 0.0, 270.75, 10.01), (1.2, 3616.33, 0.0, 270.75, 3.56), (4.95, 5715.78, 19.8, 3575.75, 12.26), (3.17, 6158.02, 95.7, 3575.75, 75.85)]
VGG16-64-2-[(1.48, 3808.45, 0.0, 270.75, 10.0), (1.73, 3860.67, 0.0, 270.75, 4.17), (6.86, 7766.78, 5.4, 3513.75, 12.75), (5.17, 8887.69, 91.93, 3513.75, 37.32)]
VGG16-64-3-[(1.48, 4092.59, 0.0, 270.75, 10.01), (2.64, 4923.52, 0.0, 628.25, 4.46), (10.86, 9874.18, 14.8, 3513.75, 13.6), (7.61, 11785.79, 86.5, 3513.75, 24.48)]
VGG16-128-1-[(1.26, 3631.56, 0.0, 270.75, 10.01), (1.56, 3903.2, 0.0, 661.25, 3.42), (4.28, 5704.14, 19.8, 4703.75, 11.84), (3.28, 6162.35, 95.12, 4703.75, 63.41)]
VGG16-128-2-[(2.77, 3832.47, 0.0, 270.75, 10.01), (2.13, 4386.25, 0.0, 359.25, 3.97), (8.01, 7983.0, 1.6, 4637.75, 12.71), (5.37, 9049.65, 94.6, 4637.75, 31.02)]
VGG16-128-3-[(1.14, 4095.64, 0.0, 270.75, 10.01), (2.62, 4923.94, 0.0, 359.25, 4.28), (11.57, 10124.87, 19.8, 4641.75, 13.47), (8.04, 11887.94, 84.86, 4641.75, 20.47)]
MobileNetv2-8-1-[(1.16, 3627.2, 0.0, 270.75, 10.01), (0, 0, 0, 0, 1.45), (5.45, 5526.94, 2.4, 743.75, 12.49), (2.59, 6193.96, 19.51, 743.75, 351.61)]
MobileNetv2-8-2-[(1.35, 3852.14, 0.0, 270.75, 10.01), (0, 0, 0, 0, 1.89), (6.97, 8082.31, 24.4, 683.75, 12.95), (4.12, 9034.56, 19.44, 683.75, 176.15)]
MobileNetv2-8-3-[(2.79, 4094.87, 0.0, 270.75, 10.01), (1.06, 4092.89, 0.0, 270.75, 1.96), (12.16, 10311.22, 4.0, 683.75, 13.41), (5.62, 11825.07, 18.74, 683.75, 119.63)]
MobileNetv2-16-1-[(2.2, 3608.4, 0.0, 270.75, 10.01), (0, 0, 0, 0, 1.51), (4.46, 5567.95, 2.2, 795.75, 12.48), (2.76, 6168.16, 22.85, 795.75, 176.45)]
MobileNetv2-16-2-[(2.18, 3829.27, 0.0, 270.75, 10.0), (0, 0, 0, 0, 1.89), (8.46, 8200.44, 3.67, 735.75, 13.17), (4.28, 9032.92, 22.39, 735.75, 91.28)]
MobileNetv2-16-3-[(1.31, 4097.49, 0.0, 270.75, 10.01), (1.06, 4096.12, 0.0, 280.75, 2.08), (11.82, 10405.68, 3.67, 735.75, 13.68), (5.92, 11875.95, 22.0, 735.75, 60.46)]
MobileNetv2-32-1-[(2.21, 3619.08, 0.0, 270.75, 10.01), (1.06, 3617.84, 0.0, 280.75, 1.4), (4.28, 5743.84, 5.2, 895.75, 12.65), (3.31, 6189.91, 29.75, 895.75, 90.74)]
MobileNetv2-32-2-[(3.04, 3827.84, 0.0, 270.75, 10.01), (1.44, 3852.95, 0.0, 547.75, 1.86), (9.48, 7954.83, 17.0, 839.75, 13.06), (5.12, 9008.76, 28.18, 839.75, 47.27)]
MobileNetv2-32-3-[(3.3, 4063.87, 0.0, 270.75, 10.01), (0, 0, 0, 0, 2.17), (9.81, 10375.86, 5.6, 837.75, 13.67), (6.88, 11848.32, 26.91, 837.75, 31.48)]
MobileNetv2-64-1-[(1.23, 3624.88, 0.0, 270.75, 10.01), (1.06, 3620.02, 0.0, 445.75, 1.41), (4.35, 5577.99, 0.0, 1121.75, 12.53), (3.87, 6192.23, 37.06, 1121.75, 45.16)]
MobileNetv2-64-2-[(1.2, 3835.4, 0.0, 270.75, 10.01), (1.06, 3834.08, 0.0, 541.75, 1.91), (8.54, 7789.99, 8.6, 1065.75, 13.32), (6.33, 9067.45, 33.22, 1065.75, 24.24)]
MobileNetv2-64-3-[(1.45, 4111.57, 0.0, 270.75, 10.01), (1.06, 4105.48, 0.0, 475.75, 2.09), (13.18, 10240.18, 0.0, 1055.75, 13.6), (8.68, 11958.71, 31.4, 1055.75, 16.24)]
MobileNetv2-128-1-[(1.68, 3634.61, 0.0, 270.75, 10.01), (1.06, 3628.39, 0.0, 282.75, 1.41), (4.67, 5717.09, 12.2, 1573.75, 12.61), (4.51, 6213.31, 55.8, 1573.75, 25.25)]
MobileNetv2-128-2-[(4.3, 3807.64, 0.0, 270.75, 10.01), (0, 0, 0, 0, 1.84), (7.82, 8134.73, 12.8, 1495.75, 13.21), (7.33, 9099.76, 46.6, 1495.75, 13.42)]
MobileNetv2-128-3-[(3.84, 4097.48, 0.0, 270.75, 10.01), (0, 0, 0, 0, 2.05), (12.0, 10541.12, 11.6, 1503.75, 13.61), (11.49, 11887.53, 39.0, 1503.75, 9.15)]
