AlexNet-8-1-[(4, 5067, 0, 242, 10.01), (2, 5066, 0, 767, 5.13), (5, 7429, 31, 2705, 10.68), (4, 7940, 90, 2705, 172.95)]
AlexNet-8-2-[(3, 3714, 0, 242, 10.01), (2, 3746, 0, 917, 5.74), (9, 11899, 24, 2705, 11.17), (4, 12699, 98, 2705, 297.5)]
AlexNet-8-3-[(6, 4108, 0, 242, 10.01), (3, 7329, 2, 1775, 6.44), (13, 17571, 25, 2705, 11.74), (5, 17594, 98, 2705, 279.09)]
AlexNet-8-4-[(8, 4484, 0, 242, 10.01), (3, 4530, 0, 973, 6.76), (9, 21636, 0, 2705, 12.31), (6, 22464, 98, 2705, 232.63)]
AlexNet-16-1-[(2, 3388, 0, 242, 10.01), (2, 4340, 0, 1767, 5.08), (7, 7811, 24, 2709, 10.48), (4, 7836, 90, 2709, 91.3)]
AlexNet-16-2-[(2, 3708, 0, 242, 10.01), (2, 4517, 0, 1297, 5.88), (10, 12680, 25, 2709, 11.32), (4, 12710, 96, 2709, 151.69)]
AlexNet-16-3-[(6, 4116, 0, 242, 10.01), (2, 4109, 0, 753, 6.54), (12, 17573, 25, 2709, 12.01), (6, 17594, 96, 2709, 142.03)]
AlexNet-16-4-[(7, 4489, 0, 242, 10.01), (2, 4502, 0, 825, 6.86), (15, 22471, 24, 2709, 12.26), (7, 22483, 95, 2709, 118.26)]
AlexNet-32-1-[(4, 3392, 0, 242, 10.0), (2, 3405, 0, 993, 5.13), (7, 7383, 0, 2721, 10.77), (5, 7839, 87, 2721, 47.12)]
AlexNet-32-2-[(4, 3728, 0, 242, 10.01), (4, 4187, 0, 1277, 5.74), (7, 12694, 25, 2721, 10.98), (5, 12705, 93, 2721, 77.74)]
AlexNet-32-3-[(6, 4102, 0, 242, 10.01), (3, 6640, 2, 1459, 6.53), (12, 17584, 25, 2721, 11.7), (7, 17609, 93, 2721, 70.25)]
AlexNet-32-4-[(8, 4497, 0, 242, 10.01), (3, 4548, 0, 847, 7.34), (14, 20679, 0, 2721, 12.28), (8, 22502, 91, 2721, 60.06)]
AlexNet-64-1-[(4, 3394, 0, 242, 10.01), (2, 3387, 0, 821, 5.0), (7, 7847, 25, 2761, 10.56), (5, 7861, 89, 2761, 27.47)]
AlexNet-64-2-[(5, 3734, 0, 242, 10.01), (3, 4201, 0, 1261, 5.8), (10, 12748, 25, 2761, 11.29), (7, 12760, 89, 2761, 40.2)]
AlexNet-64-3-[(6, 4119, 0, 242, 10.0), (3, 4159, 0, 941, 6.56), (10, 16406, 18, 2761, 11.75), (7, 17632, 87, 2761, 36.57)]
AlexNet-64-4-[(7, 4503, 0, 242, 10.0), (3, 6965, 0, 1337, 7.61), (17, 22519, 25, 2761, 12.25), (10, 22538, 86, 2761, 31.88)]
AlexNet-128-1-[(2, 3398, 0, 242, 10.01), (2, 4134, 1, 1473, 4.98), (6, 7868, 25, 2757, 10.55), (7, 7876, 75, 2757, 18.9)]
AlexNet-128-2-[(4, 3733, 0, 242, 10.01), (2, 3728, 0, 469, 5.89), (10, 11752, 32, 2755, 11.17), (9, 12792, 80, 2755, 21.76)]
AlexNet-128-3-[(2, 4118, 0, 242, 10.01), (3, 5071, 0, 1195, 6.49), (15, 17709, 25, 2759, 11.9), (10, 17715, 75, 2759, 20.2)]
AlexNet-128-4-[(8, 4510, 0, 242, 10.01), (2, 4503, 0, 519, 7.46), (10, 22597, 20, 2757, 11.84), (10, 22600, 89, 2757, 18.76)]
ResNet18-8-1-[(2, 3404, 0, 242, 10.01), (2, 3939, 0, 1411, 4.96), (6, 7827, 31, 2705, 10.55), (3, 7854, 91, 2705, 173.57)]
ResNet18-8-2-[(4, 3719, 0, 242, 10.01), (2, 3715, 0, 729, 5.58), (5, 12676, 33, 2705, 11.06), (4, 12701, 97, 2705, 298.67)]
ResNet18-8-3-[(6, 4111, 0, 242, 10.01), (3, 6582, 2, 1445, 6.59), (12, 16398, 21, 2705, 11.74), (5, 17605, 98, 2705, 270.21)]
ResNet18-8-4-[(8, 4497, 0, 242, 10.01), (3, 6163, 0, 1203, 7.97), (11, 22448, 25, 2705, 12.14), (6, 22476, 98, 2705, 242.98)]
ResNet18-16-1-[(3, 3396, 2, 242, 10.01), (2, 3392, 0, 595, 4.91), (7, 7812, 30, 2709, 10.55), (4, 7845, 88, 2709, 92.9)]
ResNet18-16-2-[(4, 3721, 0, 242, 10.0), (3, 4357, 0, 1309, 5.69), (9, 12691, 25, 2709, 11.52), (5, 12721, 96, 2709, 151.16)]
ResNet18-16-3-[(5, 4106, 0, 242, 10.01), (2, 4100, 0, 523, 6.55), (11, 17590, 25, 2709, 12.05), (6, 17594, 96, 2709, 138.43)]
ResNet18-16-4-[(7, 4499, 0, 242, 10.01), (3, 7623, 1, 1345, 7.97), (11, 22478, 25, 2709, 12.04), (7, 22502, 95, 2709, 119.28)]
ResNet18-32-1-[(4, 3395, 0, 242, 10.01), (2, 3390, 0, 799, 5.09), (6, 7369, 0, 2721, 10.65), (5, 7851, 86, 2721, 47.61)]
ResNet18-32-2-[(5, 3737, 2, 242, 10.01), (2, 3733, 0, 549, 5.81), (7, 12715, 25, 2721, 11.13), (5, 12733, 93, 2721, 77.08)]
ResNet18-32-3-[(6, 4116, 0, 242, 10.01), (3, 6445, 0, 1537, 6.13), (10, 17610, 20, 2721, 11.63), (7, 17632, 92, 2721, 73.0)]
ResNet18-32-4-[(6, 4488, 0, 242, 10.01), (2, 4483, 0, 685, 7.25), (16, 20681, 21, 2721, 11.98), (8, 22518, 91, 2721, 60.87)]
ResNet18-64-1-[(3, 3386, 2, 242, 10.01), (2, 3381, 0, 619, 5.05), (7, 6977, 3, 2761, 10.51), (6, 7869, 83, 2761, 27.45)]
ResNet18-64-2-[(3, 3734, 0, 242, 10.01), (2, 4399, 1, 1333, 5.74), (10, 12742, 25, 2761, 11.33), (7, 12750, 90, 2761, 40.12)]
ResNet18-64-3-[(7, 4112, 0, 242, 10.0), (2, 4103, 0, 505, 6.45), (11, 17609, 25, 2761, 11.71), (8, 17637, 88, 2761, 36.57)]
ResNet18-64-4-[(2, 4498, 0, 242, 10.01), (3, 5665, 0, 1145, 7.99), (14, 22528, 20, 2761, 12.18), (9, 22539, 83, 2761, 31.84)]
ResNet18-128-1-[(3, 3399, 2, 242, 10.01), (2, 3393, 0, 565, 4.97), (7, 7889, 24, 2757, 10.51), (6, 7884, 72, 2757, 19.39)]
ResNet18-128-2-[(6, 3730, 0, 242, 10.01), (3, 4261, 0, 1221, 6.02), (6, 12788, 25, 2755, 11.32), (8, 12808, 80, 2755, 21.66)]
ResNet18-128-3-[(5, 4130, 0, 242, 10.01), (3, 6694, 1, 1767, 6.24), (14, 17698, 25, 2759, 11.94), (10, 17707, 80, 2759, 20.48)]
ResNet18-128-4-[(7, 4509, 0, 242, 10.01), (3, 7267, 0, 1301, 7.98), (15, 22608, 25, 2757, 12.28), (12, 22624, 75, 2757, 17.38)]
ResNet50-8-1-[(4, 3404, 0, 242, 10.01), (2, 3748, 0, 1337, 4.97), (5, 7814, 31, 2705, 10.93), (4, 7837, 92, 2705, 171.13)]
ResNet50-8-2-[(5, 3735, 0, 242, 10.01), (4, 4253, 0, 1267, 5.78), (7, 11929, 0, 2705, 10.97), (4, 12719, 97, 2705, 298.9)]
ResNet50-8-3-[(4, 4110, 0, 242, 10.01), (4, 4774, 0, 1089, 6.45), (14, 17558, 25, 2705, 11.97), (5, 17606, 98, 2705, 274.53)]
ResNet50-8-4-[(7, 4500, 0, 242, 10.0), (4, 9531, 1, 1517, 7.89), (13, 21511, 25, 2705, 11.89), (6, 22500, 97, 2705, 237.56)]
ResNet50-16-1-[(4, 3402, 0, 242, 10.01), (2, 3396, 0, 785, 4.85), (7, 7856, 32, 2709, 10.23), (4, 7860, 88, 2709, 91.12)]
ResNet50-16-2-[(2, 3737, 0, 242, 10.01), (2, 4510, 0, 1351, 5.53), (10, 12723, 25, 2709, 10.99), (5, 12737, 96, 2709, 151.31)]
ResNet50-16-3-[(5, 4119, 0, 242, 10.01), (3, 4918, 0, 1215, 6.37), (9, 16337, 0, 2709, 11.69), (6, 17615, 96, 2709, 143.78)]
ResNet50-16-4-[(8, 4500, 0, 242, 10.01), (3, 7591, 1, 1323, 7.77), (14, 22489, 25, 2709, 12.14), (7, 22494, 95, 2709, 119.69)]
ResNet50-32-1-[(4, 3401, 0, 242, 10.01), (2, 3428, 0, 1063, 4.87), (7, 7862, 32, 2721, 10.34), (5, 7875, 86, 2721, 47.57)]
ResNet50-32-2-[(4, 3738, 0, 242, 10.01), (2, 3732, 0, 615, 5.43), (9, 12719, 33, 2721, 11.08), (5, 12740, 89, 2721, 76.92)]
ResNet50-32-3-[(8, 4111, 0, 242, 10.01), (3, 4894, 0, 1219, 6.21), (12, 17612, 25, 2721, 11.79), (6, 17624, 93, 2721, 73.04)]
ResNet50-32-4-[(8, 4511, 0, 242, 10.01), (3, 6479, 0, 1249, 7.75), (14, 22500, 25, 2721, 12.19), (8, 22501, 91, 2721, 60.12)]
ResNet50-64-1-[(4, 3396, 0, 242, 10.01), (2, 3866, 0, 1419, 4.84), (6, 7400, 25, 2761, 10.22), (5, 7857, 89, 2761, 27.54)]
ResNet50-64-2-[(4, 3736, 0, 242, 10.01), (3, 4252, 0, 1307, 5.52), (6, 12744, 25, 2761, 11.19), (6, 12758, 89, 2761, 40.27)]
ResNet50-64-3-[(6, 4119, 2, 242, 10.01), (2, 4110, 0, 507, 6.32), (13, 17631, 25, 2761, 11.71), (8, 17648, 87, 2761, 36.54)]
ResNet50-64-4-[(4, 4510, 0, 242, 10.01), (2, 4530, 0, 735, 7.74), (15, 22518, 25, 2761, 12.33), (10, 22534, 86, 2761, 31.85)]
ResNet50-128-1-[(4, 3398, 0, 242, 10.01), (2, 3414, 0, 1047, 4.79), (5, 7870, 24, 2757, 10.3), (7, 7875, 75, 2757, 19.07)]
ResNet50-128-2-[(5, 3732, 0, 242, 10.01), (2, 3735, 0, 795, 5.71), (7, 12786, 28, 2755, 11.0), (7, 12810, 74, 2755, 21.81)]
ResNet50-128-3-[(5, 4124, 0, 242, 10.01), (3, 4164, 0, 949, 6.23), (14, 17698, 25, 2759, 11.67), (9, 17696, 75, 2759, 21.08)]
ResNet50-128-4-[(8, 4506, 0, 242, 10.0), (4, 4593, 0, 871, 7.85), (14, 20620, 0, 2757, 12.2), (12, 22625, 75, 2757, 18.17)]
MobileNetv2-8-1-[(4, 3404, 0, 242, 10.01), (2, 3419, 0, 1043, 4.75), (6, 7844, 31, 2705, 10.26), (4, 7854, 91, 2705, 172.74)]
MobileNetv2-8-2-[(7, 3735, 0, 242, 10.01), (3, 4296, 0, 1283, 5.61), (8, 12740, 25, 2705, 11.26), (4, 12749, 97, 2705, 298.5)]
MobileNetv2-8-3-[(6, 4112, 0, 242, 10.01), (2, 4138, 0, 935, 6.4), (13, 17606, 25, 2705, 11.67), (5, 17621, 98, 2705, 273.18)]
MobileNetv2-8-4-[(5, 4505, 0, 242, 10.01), (2, 4494, 0, 801, 6.59), (15, 20678, 0, 2705, 12.11), (6, 22488, 97, 2705, 243.07)]
MobileNetv2-16-1-[(2, 3402, 0, 242, 10.01), (2, 4031, 0, 1411, 4.84), (5, 7371, 31, 2709, 10.17), (4, 7850, 89, 2709, 91.4)]
MobileNetv2-16-2-[(5, 3736, 0, 242, 10.0), (2, 3732, 0, 409, 5.57), (9, 12714, 25, 2709, 11.4), (5, 12748, 96, 2709, 150.92)]
MobileNetv2-16-3-[(5, 4122, 0, 242, 10.01), (4, 4656, 0, 1033, 6.4), (12, 17611, 20, 2709, 11.8), (6, 17616, 98, 2709, 138.6)]
MobileNetv2-16-4-[(8, 4504, 0, 242, 10.01), (3, 7686, 1, 1307, 7.76), (13, 22496, 25, 2709, 12.5), (7, 22507, 95, 2709, 121.02)]
MobileNetv2-32-1-[(2, 3400, 0, 242, 10.01), (2, 4078, 0, 1491, 4.75), (5, 7468, 32, 2721, 10.18), (5, 7874, 86, 2721, 47.47)]
MobileNetv2-32-2-[(5, 3731, 0, 242, 10.0), (2, 3745, 0, 817, 5.6), (10, 11128, 15, 2721, 11.1), (5, 12741, 93, 2721, 76.84)]
MobileNetv2-32-3-[(6, 4115, 0, 242, 10.01), (2, 4136, 0, 779, 6.35), (13, 17622, 25, 2721, 11.78), (7, 17628, 93, 2721, 71.83)]
MobileNetv2-32-4-[(7, 4508, 0, 242, 10.0), (4, 9399, 1, 1521, 7.6), (16, 22521, 25, 2721, 12.2), (8, 22521, 92, 2721, 60.35)]
MobileNetv2-64-1-[(4, 3403, 0, 242, 10.01), (2, 3845, 0, 1391, 4.75), (6, 7421, 22, 2761, 10.17), (5, 7886, 84, 2761, 27.6)]
MobileNetv2-64-2-[(6, 3742, 0, 242, 10.01), (3, 4336, 0, 1277, 5.55), (6, 12742, 34, 2761, 11.16), (7, 12760, 89, 2761, 40.21)]
MobileNetv2-64-3-[(5, 4124, 0, 242, 10.01), (2, 4117, 0, 505, 6.43), (12, 17657, 25, 2761, 11.85), (8, 17675, 87, 2761, 36.55)]
MobileNetv2-64-4-[(2, 4504, 0, 242, 10.01), (4, 4578, 0, 923, 7.12), (17, 22530, 25, 2761, 12.0), (10, 22541, 82, 2761, 31.76)]
MobileNetv2-128-1-[(4, 3403, 0, 242, 10.01), (2, 3397, 0, 809, 4.79), (6, 7883, 32, 2757, 10.16), (7, 7897, 74, 2757, 18.93)]
MobileNetv2-128-2-[(5, 3733, 1, 242, 10.01), (2, 3728, 0, 719, 5.63), (10, 12776, 34, 2755, 11.17), (7, 12790, 83, 2755, 22.11)]
MobileNetv2-128-3-[(5, 4120, 0, 242, 10.01), (2, 4115, 0, 533, 6.25), (12, 17694, 25, 2759, 11.69), (10, 17705, 80, 2759, 20.63)]
MobileNetv2-128-4-[(2, 4507, 0, 242, 10.01), (4, 4875, 0, 941, 7.88), (15, 22609, 25, 2757, 12.32), (13, 22625, 75, 2757, 18.27)]
VGG16-8-1-[(4, 3403, 0, 242, 10.01), (2, 3395, 0, 803, 4.84), (6, 7850, 30, 2705, 10.08), (3, 7861, 89, 2705, 173.01)]
VGG16-8-2-[(5, 3739, 0, 242, 10.01), (2, 3773, 0, 1005, 5.53), (7, 12719, 25, 2705, 11.38), (4, 12739, 98, 2705, 298.63)]
VGG16-8-3-[(7, 4127, 0, 242, 10.0), (2, 4139, 0, 809, 6.38), (8, 16364, 3, 2705, 11.51), (5, 17596, 98, 2705, 271.25)]
VGG16-8-4-[(9, 4509, 2, 242, 10.01), (3, 6415, 0, 1219, 7.86), (13, 20862, 0, 2705, 11.75), (6, 22480, 97, 2705, 237.84)]
VGG16-16-1-[(4, 3396, 0, 242, 10.01), (2, 3957, 0, 1445, 4.85), (7, 7853, 31, 2709, 10.16), (4, 7859, 89, 2709, 90.89)]
VGG16-16-2-[(5, 3735, 0, 242, 10.01), (2, 3726, 0, 577, 5.58), (12, 11764, 0, 2709, 11.3), (5, 12719, 95, 2709, 151.0)]
VGG16-16-3-[(5, 4127, 0, 242, 10.01), (2, 4123, 0, 531, 6.55), (11, 17596, 25, 2709, 11.77), (6, 17613, 95, 2709, 139.13)]
VGG16-16-4-[(2, 4504, 0, 242, 10.01), (3, 5736, 0, 1127, 7.79), (17, 20647, 17, 2709, 12.44), (7, 22475, 95, 2709, 116.94)]
VGG16-32-1-[(3, 3400, 2, 242, 10.01), (2, 3394, 0, 641, 4.82), (6, 7851, 32, 2721, 10.33), (4, 7853, 81, 2721, 47.78)]
VGG16-32-2-[(3, 3737, 0, 242, 10.01), (2, 3730, 0, 785, 5.43), (10, 12721, 25, 2721, 11.43), (5, 12740, 93, 2721, 76.84)]
VGG16-32-3-[(7, 4112, 0, 242, 10.01), (2, 4107, 0, 577, 6.35), (11, 16256, 8, 2721, 11.95), (6, 17629, 94, 2721, 76.11)]
VGG16-32-4-[(6, 4503, 0, 242, 10.01), (2, 4494, 0, 661, 7.79), (14, 22495, 25, 2721, 12.32), (8, 22502, 92, 2721, 60.69)]
VGG16-64-1-[(4, 3404, 0, 242, 10.01), (2, 3917, 1, 1425, 4.78), (6, 7407, 11, 2761, 10.16), (5, 7868, 84, 2761, 27.55)]
VGG16-64-2-[(4, 3739, 0, 242, 10.0), (2, 3750, 0, 859, 5.46), (11, 12753, 25, 2761, 11.12), (7, 12757, 88, 2761, 40.37)]
VGG16-64-3-[(2, 4133, 0, 242, 10.01), (3, 5580, 1, 1337, 6.34), (12, 17619, 25, 2761, 11.89), (8, 17644, 88, 2761, 37.01)]
VGG16-64-4-[(2, 4508, 0, 242, 10.0), (3, 5800, 0, 1247, 7.2), (14, 20781, 12, 2761, 12.44), (10, 22551, 86, 2761, 31.69)]
VGG16-128-1-[(4, 3405, 0, 242, 10.01), (2, 3556, 0, 1149, 4.84), (6, 7413, 11, 2757, 10.39), (6, 7885, 69, 2757, 18.97)]
VGG16-128-2-[(2, 3742, 0, 242, 10.01), (3, 3769, 0, 983, 5.75), (8, 12799, 25, 2755, 11.08), (7, 12810, 80, 2755, 21.97)]
VGG16-128-3-[(5, 4123, 0, 242, 10.01), (2, 4114, 0, 515, 6.32), (13, 16265, 13, 2759, 11.93), (10, 17711, 80, 2759, 20.69)]
VGG16-128-4-[(6, 4510, 0, 242, 10.01), (3, 6765, 0, 1287, 7.2), (14, 20727, 8, 2757, 12.3), (13, 22644, 75, 2757, 18.4)]
GCN-8-1-[(4, 3404, 0, 242, 10.0), (2, 4179, 2, 1531, 4.27), (0, 0, 0, 0, 0.01), (3, 6226, 30, 1879, 13.26)]
GCN-8-2-[(2, 3746, 0, 242, 10.01), (2, 3743, 0, 254, 4.47), (0, 0, 0, 0, 0.02), (4, 9430, 36, 1879, 14.17)]
GCN-8-3-[(2, 4103, 0, 242, 10.0), (2, 4099, 0, 515, 5.33), (0, 0, 0, 0, 0.01), (5, 12649, 30, 1879, 12.74)]
GCN-8-4-[(6, 4480, 0, 242, 10.01), (2, 4476, 0, 753, 6.07), (0, 0, 0, 0, 0.01), (6, 15870, 26, 1879, 14.94)]
GCN-16-1-[(2, 3357, 0, 242, 10.01), (2, 3354, 0, 463, 3.83), (0, 0, 0, 0, 0.01), (3, 6199, 32, 1879, 11.48)]
GCN-16-2-[(4, 3725, 0, 242, 10.01), (2, 3722, 0, 1001, 4.51), (0, 0, 0, 0, 0.01), (4, 9414, 28, 1879, 13.87)]
GCN-16-3-[(6, 4100, 0, 242, 10.01), (2, 4297, 0, 1275, 5.27), (0, 0, 0, 0, 0.03), (5, 12642, 39, 1879, 14.93)]
GCN-16-4-[(7, 4470, 0, 242, 10.01), (2, 4468, 0, 573, 5.99), (0, 0, 0, 0, 0.01), (6, 15868, 34, 1879, 12.64)]
GCN-32-1-[(4, 3354, 0, 242, 10.01), (2, 3350, 0, 252, 3.82), (0, 0, 0, 0, 0.01), (3, 6195, 32, 1879, 12.04)]
GCN-32-2-[(5, 3724, 2, 242, 10.01), (2, 3720, 0, 769, 4.46), (4, 9415, 27, 1879, 0.01), (4, 9414, 27, 1879, 14.03)]
GCN-32-3-[(6, 4101, 0, 242, 10.01), (2, 4336, 0, 1245, 5.18), (0, 0, 0, 0, 0.01), (5, 12643, 30, 1879, 13.25)]
GCN-32-4-[(7, 4482, 0, 242, 10.01), (2, 4477, 0, 735, 6.0), (0, 0, 0, 0, 0.02), (6, 15870, 30, 1879, 12.89)]
GCN-64-1-[(4, 3355, 0, 242, 10.01), (2, 3350, 0, 242, 3.81), (0, 0, 0, 0, 0.01), (3, 6193, 33, 1879, 11.65)]
GCN-64-2-[(4, 3721, 0, 242, 10.01), (2, 3718, 0, 859, 4.54), (0, 0, 0, 0, 0.01), (4, 9425, 34, 1879, 12.22)]
GCN-64-3-[(6, 4108, 0, 242, 10.01), (2, 4106, 0, 727, 5.19), (0, 0, 0, 0, 0.02), (5, 12645, 35, 1879, 14.24)]
GCN-64-4-[(7, 4484, 0, 242, 10.01), (2, 4623, 0, 1157, 6.0), (0, 0, 0, 0, 0.04), (6, 15876, 45, 1879, 14.82)]
GCN-128-1-[(4, 3361, 1, 242, 10.01), (2, 3356, 0, 1123, 3.82), (0, 0, 0, 0, 0.01), (3, 6202, 32, 1879, 11.85)]
GCN-128-2-[(5, 3727, 0, 242, 10.01), (3, 5255, 2, 1537, 4.48), (0, 0, 0, 0, 0.01), (4, 9424, 32, 1879, 11.79)]
GCN-128-3-[(6, 4094, 0, 242, 10.01), (2, 4089, 0, 705, 5.24), (0, 0, 0, 0, 0.03), (5, 12642, 38, 1879, 14.19)]
GCN-128-4-[(6, 4475, 0, 242, 10.01), (2, 4472, 0, 747, 5.95), (0, 0, 0, 0, 0.0), (6, 15869, 27, 1879, 14.28)]
Transformer-8-1-[(3, 3354, 2, 242, 10.01), (2, 3503, 0, 1117, 6.9), (0, 0, 0, 0, 0.0), (3, 6369, 35, 1785, 328.77)]
Transformer-8-2-[(3, 3727, 0, 242, 10.01), (3, 4384, 0, 1345, 7.78), (0, 0, 0, 0, 0.0), (4, 9729, 76, 1789, 213.68)]
Transformer-8-3-[(5, 4084, 0, 242, 10.01), (3, 5377, 0, 1337, 8.62), (0, 0, 0, 0, 0.0), (5, 13119, 90, 1789, 260.24)]
Transformer-8-4-[(7, 4465, 0, 242, 10.0), (4, 5280, 0, 1115, 9.57), (0, 0, 0, 0, 0.0), (6, 16509, 94, 1789, 315.0)]
Transformer-16-1-[(4, 3355, 0, 242, 10.01), (2, 3354, 0, 577, 6.96), (0, 0, 0, 0, 0.0), (3, 6348, 48, 1899, 79.26)]
Transformer-16-2-[(4, 3717, 0, 242, 10.01), (3, 5107, 1, 1513, 7.59), (0, 0, 0, 0, 0.0), (4, 9725, 82, 1889, 54.56)]
Transformer-16-3-[(7, 4097, 0, 242, 10.01), (3, 4537, 0, 1021, 8.56), (0, 0, 0, 0, 0.0), (5, 13109, 90, 1889, 67.81)]
Transformer-16-4-[(2, 4470, 0, 242, 10.0), (4, 4970, 0, 677, 9.59), (0, 0, 0, 0, 0.0), (6, 16491, 95, 1889, 81.9)]
Transformer-32-1-[(4, 3358, 0, 242, 10.01), (2, 3359, 0, 242, 7.01), (0, 0, 0, 0, 0.0), (3, 6349, 81, 2269, 28.91)]
Transformer-32-2-[(5, 3719, 2, 242, 10.01), (3, 4514, 1, 1439, 7.76), (0, 0, 0, 0, 0.0), (4, 9723, 86, 2205, 20.07)]
Transformer-32-3-[(2, 4090, 0, 242, 10.01), (4, 6983, 1, 1553, 8.57), (0, 0, 0, 0, 0.0), (5, 13094, 94, 2205, 21.97)]
Transformer-32-4-[(7, 4471, 0, 242, 10.01), (4, 4976, 0, 569, 9.57), (0, 0, 0, 0, 0.0), (6, 16490, 95, 2205, 22.14)]
Transformer-64-1-[(4, 3358, 0, 242, 10.01), (2, 3357, 0, 531, 7.01), (0, 0, 0, 0, 0.0), (3, 6351, 91, 2955, 12.31)]
Transformer-64-2-[(5, 3729, 0, 242, 10.01), (4, 3733, 0, 457, 7.84), (0, 0, 0, 0, 0.0), (4, 9725, 90, 2997, 7.67)]
Transformer-64-3-[(2, 4104, 0, 242, 10.0), (3, 4236, 0, 613, 8.09), (0, 0, 0, 0, 0.0), (5, 13099, 97, 2981, 6.71)]
Transformer-64-4-[(5, 4474, 0, 242, 10.01), (5, 8320, 2, 1629, 8.37), (0, 0, 0, 0, 0.0), (6, 16484, 98, 2983, 6.55)]
Bert-8-1-[(4, 3352, 0, 242, 10.0), (2, 10900, 1, 1909, 25.34), (0, 0, 0, 0, 0.0), (3, 10937, 99, 3633, 11.21)]
Bert-8-2-[(4, 3717, 0, 242, 10.01), (3, 15693, 0, 1061, 26.22), (0, 0, 0, 0, 0.0), (4, 18912, 99, 3675, 6.97)]
Bert-8-3-[(4, 4095, 0, 242, 10.01), (4, 26350, 1, 2081, 27.79), (0, 0, 0, 0, 0.0), (5, 26877, 99, 3675, 5.09)]
Bert-8-4-[(5, 4456, 0, 242, 10.01), (5, 28857, 0, 1001, 29.1), (0, 0, 0, 0, 0.0), (6, 34589, 99, 3683, 3.96)]
Bert-16-1-[(4, 3056, 0, 242, 10.01), (3, 9770, 1, 1937, 26.79), (0, 0, 0, 0, 0.0), (3, 10627, 98, 4753, 10.17)]
Bert-16-2-[(2, 3408, 0, 242, 10.01), (3, 16402, 0, 1389, 26.65), (0, 0, 0, 0, 0.0), (4, 18599, 99, 4827, 5.71)]
Bert-16-3-[(2, 3786, 0, 242, 10.01), (5, 21632, 0, 1067, 26.55), (0, 0, 0, 0, 0.0), (5, 26573, 100, 4827, 3.98)]
Bert-16-4-[(2, 4161, 0, 242, 10.01), (5, 38033, 1, 2081, 29.09), (0, 0, 0, 0, 0.0), (6, 34567, 100, 4827, 3.08)]
GraphSage-8-1-[(4, 3056, 2, 242, 10.01), (2, 3052, 0, 853, 4.71), (0, 0, 0, 0, 0.0), (9, 14291, 14, 4787, 419.49)]
GraphSage-8-2-[(4, 3426, 0, 242, 10.01), (3, 3730, 0, 1173, 5.22), (0, 0, 0, 0, 0.0), (18, 23822, 13, 4787, 528.4)]
GraphSage-8-3-[(6, 3806, 0, 242, 10.01), (3, 3974, 0, 537, 6.0), (0, 0, 0, 0, 0.0), (26, 37880, 19, 4787, 811.71)]
GraphSage-8-4-[(2, 7301, 0, 242, 10.0), (4, 8199, 0, 1569, 5.82), (0, 0, 0, 0, 0.0), (34, 45845, 13, 4787, 907.76)]
GraphSage-16-1-[(4, 5793, 3, 242, 10.01), (2, 5785, 0, 351, 5.32), (0, 0, 0, 0, 0.0), (9, 17048, 14, 4717, 197.73)]
GraphSage-16-2-[(4, 6138, 0, 242, 10.01), (2, 6127, 0, 391, 5.11), (0, 0, 0, 0, 0.0), (18, 26011, 13, 4717, 253.83)]
GraphSage-16-3-[(5, 6531, 0, 242, 10.01), (2, 6522, 0, 365, 5.74), (0, 0, 0, 0, 0.0), (27, 35892, 19, 4717, 339.2)]
GraphSage-16-4-[(8, 6927, 0, 242, 10.01), (2, 6922, 0, 441, 5.95), (0, 0, 0, 0, 0.0), (35, 49682, 8, 4717, 463.45)]
GraphSage-32-1-[(4, 5420, 4, 242, 10.01), (2, 5412, 0, 643, 5.32), (0, 0, 0, 0, 0.0), (9, 16156, 18, 4721, 111.09)]
GraphSage-32-2-[(4, 5752, 3, 242, 10.01), (2, 5747, 0, 657, 5.24), (0, 0, 0, 0, 0.0), (17, 27193, 16, 4721, 138.96)]
GraphSage-32-3-[(7, 6151, 0, 242, 10.01), (5, 6636, 0, 1329, 5.72), (0, 0, 0, 0, 0.0), (26, 37748, 23, 4721, 186.85)]
GraphSage-32-4-[(6, 6542, 0, 242, 10.01), (3, 8943, 1, 1517, 5.93), (0, 0, 0, 0, 0.0), (34, 50579, 14, 4721, 232.63)]
GraphSage-64-1-[(4, 5281, 3, 242, 10.0), (2, 5268, 0, 559, 5.09), (0, 0, 0, 0, 0.0), (9, 15977, 22, 4751, 66.75)]
GraphSage-64-2-[(5, 5602, 0, 242, 10.01), (2, 5772, 0, 989, 5.28), (0, 0, 0, 0, 0.0), (17, 26389, 19, 4751, 72.37)]
GraphSage-64-3-[(5, 5997, 0, 242, 10.01), (4, 6461, 0, 1151, 5.7), (0, 0, 0, 0, 0.0), (25, 41112, 19, 4751, 98.04)]
GraphSage-64-4-[(2, 6368, 0, 242, 10.01), (4, 6747, 0, 1095, 6.03), (0, 0, 0, 0, 0.0), (35, 51050, 12, 4751, 120.12)]
GraphSage-128-1-[(2, 5187, 0, 242, 10.01), (2, 5439, 0, 1383, 5.19), (0, 0, 0, 0, 0.0), (11, 17322, 20, 4723, 32.88)]
GraphSage-128-2-[(2, 5561, 0, 242, 10.01), (2, 5555, 0, 252, 5.03), (0, 0, 0, 0, 0.0), (18, 26969, 21, 4723, 38.29)]
GraphSage-128-3-[(6, 5945, 0, 242, 10.01), (2, 5937, 0, 521, 5.71), (0, 0, 0, 0, 0.0), (26, 36357, 27, 4723, 50.13)]
GraphSage-128-4-[(8, 6324, 0, 242, 10.0), (3, 8766, 1, 1569, 5.87), (0, 0, 0, 0, 0.0), (35, 45670, 17, 4723, 61.27)]
